{"stats":{"minecraft:dropped":{"minecraft:stick":2},"minecraft:picked_up":{"minecraft:stick":16,"minecraft:rotten_flesh":2,"minecraft:cut_sandstone":3,"minecraft:rabbit":1},"minecraft:mined":{"gravestone:gravestone":3,"minecraft:tall_seagrass":3,"minecraft:dead_bush":10},"minecraft:killed_by":{"minecraft:husk":2,"friendsandfoes:mauler":1,"minecraft:pillager":3},"minecraft:custom":{"minecraft:time_since_rest":434,"minecraft:crouch_one_cm":150,"minecraft:deaths":9,"minecraft:sprint_one_cm":103134,"minecraft:play_time":30946,"minecraft:damage_taken":2373,"minecraft:walk_one_cm":54389,"minecraft:sneak_time":75,"minecraft:walk_under_water_one_cm":1781,"minecraft:mob_kills":1,"minecraft:drop":2,"minecraft:jump":701,"minecraft:damage_dealt":256,"minecraft:leave_game":2,"minecraft:walk_on_water_one_cm":7534,"minecraft:time_since_death":394,"minecraft:total_world_time":30946,"minecraft:swim_one_cm":21339,"minecraft:fall_one_cm":16308,"minecraft:fly_one_cm":183713},"minecraft:used":{"minecraft:rotten_flesh":2}},"DataVersion":3465}