{"stats":{"minecraft:dropped":{"minecraft:stick":2},"minecraft:picked_up":{"minecraft:stick":16,"minecraft:rotten_flesh":2,"minecraft:cut_sandstone":3,"minecraft:rabbit_hide":1,"minecraft:rabbit":2,"minecraft:dark_oak_fence":1},"minecraft:mined":{"gravestone:gravestone":3,"minecraft:tall_seagrass":3,"minecraft:dead_bush":11,"minecraft:dark_oak_fence":1},"minecraft:killed_by":{"minecraft:husk":2,"friendsandfoes:mauler":1,"minecraft:pillager":3},"minecraft:custom":{"minecraft:time_since_rest":527,"minecraft:damage_taken":2673,"minecraft:crouch_one_cm":423,"minecraft:sprint_one_cm":124875,"minecraft:play_time":34681,"minecraft:deaths":10,"minecraft:walk_one_cm":63609,"minecraft:sneak_time":195,"minecraft:walk_under_water_one_cm":3327,"minecraft:mob_kills":1,"minecraft:drop":2,"minecraft:jump":816,"minecraft:damage_dealt":256,"minecraft:leave_game":2,"minecraft:time_since_death":496,"minecraft:walk_on_water_one_cm":9363,"minecraft:total_world_time":34681,"minecraft:swim_one_cm":21339,"minecraft:fall_one_cm":19774,"minecraft:fly_one_cm":218527,"minecraft:open_chest":1},"minecraft:used":{"minecraft:rotten_flesh":2,"minecraft:rabbit":1,"minecraft:crossbow":3}},"DataVersion":3465}