{"stats":{"minecraft:dropped":{"minecraft:oak_log":50,"minecraft:cooked_porkchop":1,"minecraft:torch":29,"born_in_chaos_v1:fused_bone":2,"spore:tumor":2,"minecraft:golden_hoe":1,"minecraft:white_wool":1,"minecraft:kelp":10,"minecraft:stone_sword":1,"born_in_chaos_v1:rotten_fish":2,"minecraft:oak_planks":1,"minecraft:cooked_mutton":2,"minecraft:wooden_pickaxe":1},"minecraft:used":{"minecraft:stone_sword":104,"minecraft:white_tulip":3,"minecraft:stone_shovel":24,"minecraft:dried_kelp":2,"minecraft:chest":2,"minecraft:wooden_shovel":48,"minecraft:cooked_chicken":5,"minecraft:torch":28,"minecraft:dirt":3,"minecraft:glass":29,"minecraft:wooden_axe":124,"minecraft:oak_stairs":18,"minecraft:furnace":2,"minecraft:egg":1,"minecraft:cooked_beef":2,"minecraft:wheat_seeds":10,"minecraft:cooked_mutton":1,"minecraft:stone_pickaxe":48,"minecraft:mangrove_planks":2,"minecraft:oak_planks":102,"minecraft:orange_tulip":3,"minecraft:wooden_pickaxe":59,"minecraft:white_wool":1,"minecraft:golden_hoe":4,"minecraft:oak_slab":16,"minecraft:crafting_table":3,"minecraft:oak_log":6,"minecraft:apple":8,"minecraft:sunflower":14,"minecraft:iron_pickaxe":6,"minecraft:stone_axe":83,"minecraft:cooked_porkchop":5,"minecraft:oak_boat":1,"minecraft:dandelion":1},"minecraft:killed":{"fight_or_die:springer":1,"born_in_chaos_v1:maggot":1,"undead_revamp2:therod":1,"minecraft:pig":2,"born_in_chaos_v1:decrepit_skeleton":1,"minecraft:sheep":1,"spore:inf_villager":1,"endofherobrine:sheep":2,"endofherobrine:cow":1,"minecraft:cow":1},"minecraft:custom":{"minecraft:mob_kills":13,"minecraft:interact_with_crafting_table":26,"minecraft:damage_dealt_resisted":36,"minecraft:leave_game":1,"minecraft:time_since_death":44239,"minecraft:sprint_one_cm":219506,"minecraft:walk_one_cm":433406,"minecraft:drop":26,"minecraft:play_time":110883,"minecraft:deaths":8,"minecraft:sneak_time":1519,"minecraft:walk_under_water_one_cm":354,"minecraft:boat_one_cm":10800,"minecraft:jump":1927,"minecraft:walk_on_water_one_cm":1938,"minecraft:total_world_time":110883,"minecraft:interact_with_furnace":34,"minecraft:time_since_rest":44275,"minecraft:damage_taken":3236,"minecraft:damage_dealt":2189,"minecraft:fly_one_cm":447907,"minecraft:player_kills":1,"minecraft:open_chest":87,"minecraft:crouch_one_cm":7433,"minecraft:fall_one_cm":37101},"minecraft:killed_by":{"endofherobrine:cow":1,"minecraft:player":1,"spore:volatile":2,"spore:knight":1,"born_in_chaos_v1:dark_vortex":1,"sanitydim:sneaking_terror":1},"minecraft:mined":{"iceandfire:silver_ore":1,"minecraft:granite":1,"minecraft:allium":4,"minecraft:grass_block":5,"fight_or_die:blood_splash1":3,"minecraft:iron_ore":8,"minecraft:andesite":22,"minecraft:pumpkin":11,"treechop:chopped_log":14,"minecraft:azure_bluet":3,"minecraft:red_tulip":4,"minecraft:oak_stairs":18,"minecraft:stone":39,"minecraft:white_tulip":7,"minecraft:white_wool":1,"minecraft:oak_slab":6,"minecraft:dandelion":3,"minecraft:cornflower":2,"minecraft:crafting_table":1,"minecraft:torch":3,"minecraft:glass":4,"minecraft:tall_grass":29,"minecraft:cobblestone":3,"minecraft:lapis_ore":4,"minecraft:oak_planks":69,"minecraft:diorite":1,"minecraft:wall_torch":4,"minecraft:mangrove_planks":4,"minecraft:orange_tulip":6,"minecraft:grass":159,"minecraft:oak_log":4,"minecraft:coal_ore":24,"minecraft:sunflower":29,"minecraft:sand":72,"minecraft:dirt":17},"minecraft:crafted":{"minecraft:wooden_sword":1,"minecraft:oak_planks":220,"minecraft:stone_shovel":1,"minecraft:furnace":1,"minecraft:cooked_mutton":3,"minecraft:glass":35,"minecraft:stone_pickaxe":4,"minecraft:chest":2,"minecraft:cooked_beef":3,"minecraft:oak_slab":18,"minecraft:wooden_shovel":1,"minecraft:cooked_porkchop":5,"minecraft:crafting_table":1,"minecraft:dried_kelp":2,"minecraft:wooden_pickaxe":1,"minecraft:stone_axe":1,"minecraft:stick":28,"minecraft:iron_ingot":3,"minecraft:oak_stairs":28,"minecraft:wooden_axe":4,"minecraft:stone_sword":3,"minecraft:torch":100},"minecraft:picked_up":{"minecraft:crafting_table":2,"minecraft:allium":4,"minecraft:azure_bluet":3,"minecraft:golden_pickaxe":2,"minecraft:wooden_pickaxe":1,"minecraft:oak_stairs":18,"minecraft:cornflower":1,"minecraft:beef":4,"minecraft:white_tulip":5,"minecraft:oak_boat":1,"minecraft:iron_nugget":2,"minecraft:sugar_cane":21,"minecraft:birch_sapling":6,"minecraft:furnace":1,"minecraft:egg":2,"minecraft:raw_iron":8,"minecraft:stick":67,"fight_or_die:ripping_flesh":1,"spore:tumor":3,"minecraft:copper_ingot":2,"minecraft:torch":5,"minecraft:fire_charge":2,"minecraft:porkchop":5,"minecraft:golden_axe":1,"minecraft:diorite":1,"iceandfire:armor_copper_metal_boots":1,"minecraft:stone_sword":3,"minecraft:arrow":3,"minecraft:rotten_flesh":12,"minecraft:golden_hoe":3,"minecraft:red_tulip":4,"minecraft:mutton":3,"minecraft:white_wool":3,"minecraft:cobblestone":117,"born_in_chaos_v1:fused_bone":2,"minecraft:birch_log":7,"born_in_chaos_v1:corpse_maggot":8,"minecraft:cooked_beef":1,"born_in_chaos_v1:monster_flesh":1,"minecraft:andesite":23,"minecraft:leather":5,"minecraft:flint":3,"minecraft:oak_log":86,"minecraft:lapis_lazuli":18,"minecraft:dirt":28,"minecraft:cooked_mutton":2,"minecraft:bone":8,"minecraft:apple":6,"minecraft:kelp":12,"minecraft:bow":1,"minecraft:wheat_seeds":27,"minecraft:orange_tulip":5,"minecraft:stone_pickaxe":1,"minecraft:iron_ingot":1,"minecraft:cooked_chicken":5,"spore:mutated_fiber":5,"minecraft:mangrove_planks":3,"minecraft:oak_planks":147,"minecraft:oak_slab":7,"spore:cerebrum":3,"minecraft:cooked_porkchop":1,"minecraft:pumpkin":10,"born_in_chaos_v1:ethereal_spirit":1,"minecraft:dandelion":1,"minecraft:sand":70,"born_in_chaos_v1:dark_rod":2,"minecraft:slime_ball":2,"minecraft:granite":1,"spore:spine_fragment":1,"minecraft:oak_sapling":45,"born_in_chaos_v1:rotten_fish":2,"minecraft:coal":24,"iceandfire:raw_silver":1,"minecraft:sunflower":26},"minecraft:broken":{"minecraft:wooden_pickaxe":1,"minecraft:stone_axe":1,"minecraft:wooden_axe":1}},"DataVersion":3465}