{"stats":{"minecraft:mined":{"gravestone:gravestone":1},"minecraft:killed_by":{"friendsandfoes:mauler":1},"minecraft:custom":{"minecraft:jump":42,"minecraft:time_since_rest":3863,"minecraft:damage_dealt":38,"minecraft:crouch_one_cm":1,"minecraft:deaths":1,"minecraft:sprint_one_cm":5573,"minecraft:play_time":5676,"minecraft:damage_taken":300,"minecraft:time_since_death":3585,"minecraft:walk_one_cm":5666,"minecraft:sneak_time":15,"minecraft:total_world_time":5676,"minecraft:fall_one_cm":627,"minecraft:fly_one_cm":10324}},"DataVersion":3465}