{"stats":{"minecraft:crafted":{"minecraft:oak_planks":16,"minecraft:cobblestone_slab":12,"minecraft:stone_pickaxe":5,"minecraft:chest":1,"minecraft:wheat":72,"minecraft:cooked_beef":7,"minecraft:wooden_shovel":1,"minecraft:cooked_porkchop":3,"minecraft:crafting_table":1,"minecraft:wooden_pickaxe":2,"minecraft:iron_sword":1,"minecraft:acacia_trapdoor":2,"minecraft:stone_axe":2,"minecraft:bread":44,"minecraft:shield":2,"minecraft:stick":72,"minecraft:iron_ingot":10,"minecraft:wooden_axe":1,"minecraft:acacia_planks":92,"minecraft:torch":192},"minecraft:dropped":{"minecraft:bread":24,"minecraft:porkchop":1,"minecraft:cooked_beef":3,"minecraft:cooked_porkchop":5,"minecraft:torch":31,"iceandfire:silver_sword":1,"minecraft:melon_slice":32,"minecraft:stone_sword":1,"minecraft:shield":2,"minecraft:chest":2,"minecraft:stone_pickaxe":1,"minecraft:beef":3},"minecraft:picked_up":{"minecraft:wooden_axe":1,"minecraft:charcoal":3,"minecraft:iron_chestplate":1,"minecraft:crafting_table":1,"spore:mutated_heart":1,"minecraft:wheat":59,"minecraft:shield":4,"minecraft:string":15,"minecraft:iron_leggings":1,"born_in_chaos_v1:intoxicating_decoction":2,"minecraft:white_carpet":5,"minecraft:beef":17,"minecraft:poppy":7,"minecraft:iron_pickaxe":1,"minecraft:melon_slice":66,"minecraft:chest":4,"minecraft:furnace":4,"minecraft:stick":20,"minecraft:raw_iron":45,"born_in_chaos_v1:flaming_evil_pumpkin":1,"minecraft:torch":194,"minecraft:acacia_log":66,"minecraft:porkchop":7,"minecraft:golden_axe":1,"iceandfire:rotten_egg":2,"minecraft:diorite":5,"minecraft:stone_sword":5,"minecraft:rotten_flesh":38,"minecraft:hay_block":8,"minecraft:gold_ingot":8,"undead_revamp2:wincallerfan":1,"minecraft:cobblestone":328,"minecraft:magma_block":18,"minecraft:salmon":1,"minecraft:leather":10,"minecraft:orange_carpet":5,"minecraft:acacia_wood":9,"minecraft:dirt":66,"minecraft:acacia_planks":100,"minecraft:wheat_seeds":193,"iceandfire:armor_silver_metal_helmet":1,"minecraft:iron_ingot":2,"minecraft:stone_pickaxe":4,"spore:mutated_fiber":18,"minecraft:acacia_sapling":1,"minecraft:oak_planks":15,"minecraft:cooked_porkchop":5,"born_in_chaos_v1:ethereal_spirit":1,"minecraft:gravel":1,"minecraft:acacia_stairs":46,"minecraft:dark_oak_log":2,"born_in_chaos_v1:fire_dust":3,"minecraft:diamond":5,"minecraft:stone_axe":1,"iceandfire:silver_sword":2,"minecraft:bread":7,"minecraft:netherrack":17,"minecraft:brown_banner":2,"minecraft:melon_seeds":1,"minecraft:coal":217},"minecraft:killed":{"minecraft:pig":4,"born_in_chaos_v1:bone_imp_minion":2,"undead_revamp2:thesomnolence":1,"minecraft:cow":7},"minecraft:used":{"undead_revamp2:theheavy_spawn_egg":1,"born_in_chaos_v1:supreme_bonescaller_not_despawn_spawn_egg":1,"born_in_chaos_v1:senor_pumpkin_spawn_egg":1,"minecraft:stone_sword":170,"born_in_chaos_v1:seared_spirit_spawn_egg":1,"iceandfire:silver_sword":134,"born_in_chaos_v1:siamese_skeletons_spawn_egg":1,"born_in_chaos_v1:bloody_gadfly_spawn_egg":1,"minecraft:poppy":6,"undead_revamp2:thesomnolence_spawn_egg":1,"minecraft:chest":4,"minecraft:shield":1,"born_in_chaos_v1:spirit_guide_spawn_egg":1,"minecraft:wooden_shovel":15,"undead_revamp2:theimmortal_spawn_egg":1,"undead_revamp2:invisiblebidy_spawn_egg":4,"born_in_chaos_v1:pumpkin_spirit_spawn_egg":1,"minecraft:torch":99,"undead_revamp2:invisiimmortal_spawn_egg":11,"minecraft:dirt":14,"sons_of_sins:betrayed_guzzler_spawn_egg":1,"minecraft:stray_spawn_egg":1,"minecraft:white_carpet":5,"undead_revamp2:thebeartamer_spawn_egg":1,"born_in_chaos_v1:bonescaller_not_despawn_spawn_egg":1,"undead_revamp2:deadclogger_spawn_egg":3,"undead_revamp2:thehunter_spawn_egg":2,"undead_revamp2:theordure_spawn_egg":30,"born_in_chaos_v1:corpse_fly_spawn_egg":1,"born_in_chaos_v1:restless_spirit_spawn_egg":1,"born_in_chaos_v1:dread_hound_spawn_egg":1,"minecraft:allay_spawn_egg":1,"sons_of_sins:curse_spawn_egg":1,"undead_revamp2:thehorrors_spawn_egg":1,"minecraft:wooden_axe":123,"born_in_chaos_v1:glutton_fish_spawn_egg":1,"born_in_chaos_v1:dread_hound_not_despawn_spawn_egg":1,"undead_revamp2:sucker_spawn_egg":2,"born_in_chaos_v1:fallen_chaos_knight_spawn_egg":1,"undead_revamp2:theskeeper_spawn_egg":1,"sons_of_sins:walking_bed_spawn_egg":1,"born_in_chaos_v1:zombie_fisherman_spawn_egg":1,"born_in_chaos_v1:dire_hound_leader_spawn_egg":1,"undead_revamp2:thepregnant_spawn_egg":1,"undead_revamp2:thespectre_spawn_egg":11,"born_in_chaos_v1:dark_vortex_spawn_egg":1,"minecraft:melon_seeds":1,"born_in_chaos_v1:bonescaller_spawn_egg":1,"born_in_chaos_v1:maggot_spawn_egg":1,"born_in_chaos_v1:thornshell_crab_spawn_egg":1,"born_in_chaos_v1:skeleton_demoman_spawn_egg":1,"born_in_chaos_v1:door_knight_spawn_egg":1,"sons_of_sins:nibbler_spawn_egg":1,"minecraft:furnace":6,"born_in_chaos_v1:pumpkin_bomb_spawn_egg":1,"minecraft:cooked_beef":4,"minecraft:acacia_planks":110,"undead_revamp2:theswarmer_spawn_egg":2,"born_in_chaos_v1:door_knight_not_despawn_spawn_egg":1,"sons_of_sins:grub_spawn_egg":1,"minecraft:golden_axe":20,"minecraft:zoglin_spawn_egg":1,"born_in_chaos_v1:skeleton_thrasher_not_despawn_spawn_egg":1,"minecraft:wheat_seeds":31,"undead_revamp2:therod_spawn_egg":1,"born_in_chaos_v1:zombie_lumberjack_spawn_egg":1,"undead_revamp2:clogger_spawn_egg":1,"born_in_chaos_v1:barrel_zombie_spawn_egg":1,"undead_revamp2:wincallerfan":4,"undead_revamp2:thehorrorsdecoys_spawn_egg":1,"born_in_chaos_v1:scarlet_persecutor_spawn_egg":1,"minecraft:stone_pickaxe":392,"minecraft:acacia_trapdoor":1,"born_in_chaos_v1:decaying_zombie_spawn_egg":1,"minecraft:oak_planks":15,"undead_revamp2:slaveman_spawn_egg":1,"undead_revamp2:invisiclogger_spawn_egg":5,"sons_of_sins:blud_spawn_egg":1,"minecraft:wooden_pickaxe":91,"undead_revamp2:thesmoker_spawn_egg":1,"undead_revamp2:thegliter_spawn_egg":1,"born_in_chaos_v1:diamond_termite_spawn_egg":1,"sons_of_sins:gulber_spawn_egg":2,"minecraft:vindicator_spawn_egg":1,"born_in_chaos_v1:mr_pumpkin_spawn_egg":2,"born_in_chaos_v1:firelight_not_despawn_spawn_egg":2,"undead_revamp2:the_moonflower_spawn_egg":2,"minecraft:golden_hoe":5,"minecraft:orange_carpet":5,"born_in_chaos_v1:sir_pumpkinhead_spawn_egg":1,"born_in_chaos_v1:zombie_bruiser_spawn_egg":3,"minecraft:crafting_table":2,"minecraft:strider_spawn_egg":1,"born_in_chaos_v1:supreme_bonescaller_spawn_egg":1,"sons_of_sins:guzzler_spawn_egg":1,"sons_of_sins:devourer_spawn_egg":1,"born_in_chaos_v1:lord_pumpkinhead_spawn_egg":1,"born_in_chaos_v1:decrepit_skeleton_spawn_egg":1,"sons_of_sins:wistiver_spawn_egg":1,"undead_revamp2:bomber_spawn_egg":1,"born_in_chaos_v1:skeleton_thrasher_spawn_egg":1,"minecraft:acacia_stairs":3,"undead_revamp2:thespitter_spawn_egg":1,"undead_revamp2:thebidy_spawn_egg":1,"minecraft:bread":8,"minecraft:melon_slice":3,"born_in_chaos_v1:swarmer_spawn_egg":1,"undead_revamp2:thewolf_spawn_egg":1,"born_in_chaos_v1:nightmare_stalker_spawn_egg":3,"born_in_chaos_v1:baby_skeleton_spawn_egg":1,"sons_of_sins:kelvin_spawn_egg":1,"sons_of_sins:butcher_spawn_egg":1,"minecraft:stone_axe":130,"born_in_chaos_v1:firelight_spawn_egg":1,"minecraft:cobblestone":291,"born_in_chaos_v1:corpse_fish_spawn_egg":1,"minecraft:cooked_porkchop":7,"born_in_chaos_v1:zombie_clown_spawn_egg":1,"born_in_chaos_v1:bone_imp_spawn_egg":1,"sons_of_sins:prowler_spawn_egg":1,"born_in_chaos_v1:missioner_spawn_egg":1,"born_in_chaos_v1:zombie_clown_not_despawn_spawn_egg":1,"born_in_chaos_v1:decaying_zombie_not_despawn_spawn_egg":1,"born_in_chaos_v1:phantom_creeper_spawn_egg":1},"minecraft:broken":{"minecraft:wooden_pickaxe":1,"minecraft:stone_pickaxe":2,"minecraft:stone_axe":1,"minecraft:wooden_axe":2},"minecraft:mined":{"minecraft:acacia_log":68,"minecraft:grass_block":32,"minecraft:hay_block":8,"minecraft:furnace":4,"minecraft:fire":9,"minecraft:iron_ore":45,"minecraft:acacia_wood":9,"minecraft:acacia_stairs":50,"minecraft:dirt_path":9,"minecraft:stone":225,"minecraft:acacia_leaves":6,"minecraft:melon_stem":1,"minecraft:crafting_table":1,"minecraft:torch":1,"minecraft:poppy":9,"minecraft:melon":13,"minecraft:chest":4,"minecraft:cobblestone":40,"minecraft:tall_grass":8,"minecraft:oak_planks":15,"minecraft:diorite":4,"minecraft:wall_torch":10,"minecraft:orange_carpet":5,"minecraft:wheat":84,"minecraft:white_carpet":5,"minecraft:grass":123,"minecraft:coal_ore":151,"minecraft:dirt":26,"minecraft:acacia_planks":94},"minecraft:custom":{"minecraft:mob_kills":21,"minecraft:interact_with_crafting_table":24,"minecraft:damage_dealt_resisted":409,"minecraft:leave_game":1,"minecraft:time_since_death":145595,"minecraft:sprint_one_cm":276362,"minecraft:walk_one_cm":626659,"minecraft:damage_blocked_by_shield":45,"minecraft:drop":17,"minecraft:talked_to_villager":6,"minecraft:play_time":203476,"minecraft:deaths":9,"minecraft:sneak_time":11950,"minecraft:walk_under_water_one_cm":737,"minecraft:jump":1801,"minecraft:walk_on_water_one_cm":7059,"minecraft:total_world_time":203476,"minecraft:interact_with_furnace":42,"minecraft:sleep_in_bed":8,"minecraft:time_since_rest":53233,"minecraft:damage_taken":3416,"minecraft:damage_dealt":3342,"minecraft:fly_one_cm":667767,"minecraft:open_chest":112,"minecraft:crouch_one_cm":35511,"minecraft:fall_one_cm":33912},"minecraft:killed_by":{"born_in_chaos_v1:supreme_bonescaller":1,"born_in_chaos_v1:bone_imp_minion":3,"born_in_chaos_v1:supreme_bonescaller_stage_2":5}},"DataVersion":3465}