{"stats":{"minecraft:dropped":{"minecraft:stick":2},"minecraft:picked_up":{"minecraft:stick":18,"minecraft:crafting_table":1,"minecraft:sandstone":1,"minecraft:cut_sandstone":3,"minecraft:smooth_stone_slab":6,"minecraft:rotten_flesh":2,"minecraft:wheat_seeds":1,"minecraft:rabbit_hide":1,"minecraft:terracotta":2,"minecraft:rabbit":2,"minecraft:dark_oak_fence":1,"minecraft:coal":2,"minecraft:cobblestone":14},"minecraft:crafted":{"minecraft:crafting_table":1,"minecraft:wooden_pickaxe":1,"minecraft:dark_oak_planks":8,"minecraft:bread":3},"minecraft:mined":{"minecraft:tall_seagrass":3,"minecraft:wheat":1,"minecraft:crafting_table":1,"minecraft:smooth_stone_slab":3,"minecraft:dark_oak_fence":1,"gravestone:gravestone":5,"minecraft:coal_ore":2,"minecraft:dead_bush":12,"minecraft:terracotta":2,"minecraft:stone":15,"minecraft:sandstone":1},"minecraft:killed_by":{"minecraft:husk":3,"friendsandfoes:mauler":1,"minecraft:pillager":3},"minecraft:used":{"minecraft:wheat_seeds":1,"minecraft:rabbit":1,"minecraft:bread":2,"minecraft:wooden_pickaxe":38,"minecraft:rotten_flesh":2,"minecraft:terracotta":2,"minecraft:crafting_table":2,"minecraft:goat_horn":2,"minecraft:crossbow":3},"minecraft:custom":{"minecraft:time_since_rest":4231,"minecraft:sprint_one_cm":182408,"minecraft:damage_taken":2903,"minecraft:walk_one_cm":92624,"minecraft:mob_kills":1,"minecraft:drop":2,"minecraft:damage_dealt":325,"minecraft:talked_to_villager":1,"minecraft:swim_one_cm":22238,"minecraft:interact_with_crafting_table":2,"minecraft:fly_one_cm":314927,"minecraft:open_chest":1,"minecraft:crouch_one_cm":955,"minecraft:play_time":49193,"minecraft:deaths":11,"minecraft:sneak_time":282,"minecraft:walk_under_water_one_cm":4044,"minecraft:jump":1197,"minecraft:interact_with_blast_furnace":2,"minecraft:leave_game":3,"minecraft:walk_on_water_one_cm":9973,"minecraft:time_since_death":4144,"minecraft:sleep_in_bed":1,"minecraft:total_world_time":49193,"minecraft:climb_one_cm":299,"minecraft:fall_one_cm":29784,"minecraft:horse_one_cm":130}},"DataVersion":3465}