{"stats":{"minecraft:picked_up":{"minecraft:stick":2},"minecraft:mined":{"minecraft:dead_bush":1,"gravestone:gravestone":2},"minecraft:killed_by":{"minecraft:husk":2,"friendsandfoes:mauler":1,"minecraft:pillager":3},"minecraft:custom":{"minecraft:jump":341,"minecraft:time_since_rest":390,"minecraft:damage_dealt":131,"minecraft:crouch_one_cm":1,"minecraft:deaths":7,"minecraft:sprint_one_cm":53910,"minecraft:play_time":17676,"minecraft:damage_taken":1893,"minecraft:time_since_death":357,"minecraft:walk_one_cm":18720,"minecraft:sneak_time":15,"minecraft:total_world_time":17676,"minecraft:fall_one_cm":7904,"minecraft:fly_one_cm":81298}},"DataVersion":3465}