{"stats":{"minecraft:mined":{"fight_or_die:blood_splash1":8,"fight_or_die:blood_splash2":19,"minecraft:dandelion":8,"treechop:chopped_log":1,"minecraft:orange_tulip":2,"minecraft:grass":10,"minecraft:sunflower":4,"minecraft:tall_grass":7,"minecraft:white_tulip":3,"minecraft:sugar_cane":2,"minecraft:oak_leaves":2},"minecraft:crafted":{"minecraft:oak_planks":12},"minecraft:dropped":{"minecraft:wheat_seeds":1,"born_in_chaos_v1:monster_skin":1,"minecraft:orange_tulip":1,"minecraft:rotten_flesh":1,"fight_or_die:ripping_flesh":1,"minecraft:sunflower":1,"fight_or_die:sickened_heart":1,"minecraft:arrow":2,"spore:mutated_fiber":1,"spore:claw_fragment":14,"minecraft:dandelion":2,"minecraft:bone":5},"minecraft:custom":{"minecraft:time_since_rest":11590,"minecraft:sprint_one_cm":60844,"minecraft:damage_taken":471,"minecraft:walk_one_cm":35379,"minecraft:mob_kills":8,"minecraft:drop":18,"minecraft:damage_dealt":1316,"minecraft:swim_one_cm":10287,"minecraft:talked_to_villager":1,"minecraft:fly_one_cm":110349,"minecraft:open_chest":62,"minecraft:crouch_one_cm":3322,"minecraft:play_time":19274,"minecraft:deaths":1,"minecraft:sneak_time":1257,"minecraft:walk_under_water_one_cm":3625,"minecraft:jump":441,"minecraft:leave_game":1,"minecraft:time_since_death":11539,"minecraft:walk_on_water_one_cm":3528,"minecraft:total_world_time":19274,"minecraft:fall_one_cm":11578},"minecraft:used":{"iceandfire:armor_copper_metal_chestplate":1,"minecraft:stone_sword":25,"minecraft:apple":1,"born_in_chaos_v1:monster_flesh":2,"minecraft:rotten_flesh":1,"minecraft:oak_sapling":1,"iceandfire:armor_copper_metal_helmet":1},"minecraft:killed":{"fight_or_die:springer":3,"minecraft:bee":1,"born_in_chaos_v1:dread_hound":2,"undead_revamp2:the_moonflower":1},"minecraft:picked_up":{"born_in_chaos_v1:fused_bone":1,"fight_or_die:ripping_flesh":2,"born_in_chaos_v1:staffof_magic_arrows":1,"born_in_chaos_v1:monster_flesh":1,"minecraft:dandelion":9,"minecraft:oak_log":3,"minecraft:cherry_log":1,"fight_or_die:sickened_heart":2,"spore:claw_fragment":14,"born_in_chaos_v1:monster_skin":1,"minecraft:bone":8,"minecraft:arrow":3,"minecraft:rotten_flesh":2,"minecraft:apple":1,"minecraft:wheat_seeds":1,"minecraft:orange_tulip":2,"minecraft:iron_ingot":1,"minecraft:white_tulip":3,"spore:mutated_fiber":2,"minecraft:oak_sapling":1,"minecraft:sugar_cane":16,"minecraft:oak_planks":12,"minecraft:sunflower":4}},"DataVersion":3465}