{"stats":{"minecraft:dropped":{"minecraft:water_bucket":1,"minecraft:iron_ingot":1,"iceandfire:raw_silver":1,"spore:spine_fragment":1,"minecraft:wheat_seeds":35,"minecraft:cooked_beef":1,"minecraft:oak_log":15,"minecraft:crafting_table":3,"iceandfire:armor_copper_metal_chestplate":3,"minecraft:golden_axe":1,"minecraft:cobblestone":282,"minecraft:mossy_stone_brick_stairs":4,"minecraft:cracked_stone_bricks":1,"minecraft:copper_ingot":32,"born_in_chaos_v1:pieceofdarkmetal":10,"minecraft:coal":28,"minecraft:dirt":4,"born_in_chaos_v1:black_argillite":2,"minecraft:diorite":1,"minecraft:cornflower":2,"minecraft:wooden_axe":2,"born_in_chaos_v1:fused_bone":1,"iceandfire:armor_copper_metal_boots":1,"minecraft:golden_hoe":1,"minecraft:pumpkin":13,"minecraft:sunflower":35,"spore:mutated_heart":1,"minecraft:string":4,"minecraft:stone_brick_slab":2,"minecraft:dandelion":5,"minecraft:oak_door":2,"minecraft:stone_axe":1,"minecraft:kelp":16,"minecraft:cooked_chicken":5,"minecraft:stone_sword":4,"minecraft:raw_copper":13,"minecraft:birch_sapling":1,"undead_revamp2:arapholia":1,"minecraft:rotten_flesh":47,"minecraft:oak_planks":14,"minecraft:mossy_stone_brick_slab":4,"spore:cerebrum":3,"spore:mutated_fiber":22,"iceandfire:armor_copper_metal_helmet":1,"minecraft:flint_and_steel":3,"born_in_chaos_v1:seedof_chaos":2,"minecraft:gunpowder":1,"minecraft:andesite":23,"minecraft:oak_sapling":32,"minecraft:stone_bricks":2,"minecraft:stone_pickaxe":2,"minecraft:beef":2,"minecraft:magma_block":3},"minecraft:used":{"minecraft:oak_trapdoor":6,"minecraft:flint_and_steel":19,"iceandfire:armor_copper_metal_leggings":1,"minecraft:stone_shovel":84,"minecraft:dried_kelp":42,"minecraft:poppy":2,"minecraft:chest":1,"minecraft:shield":17,"minecraft:iron_sword":88,"minecraft:oak_door":7,"minecraft:torch":46,"iceandfire:armor_copper_metal_boots":1,"minecraft:dirt":61,"minecraft:azure_bluet":1,"minecraft:oak_sapling":17,"minecraft:furnace":7,"iceandfire:armor_copper_metal_helmet":1,"minecraft:egg":1,"minecraft:cooked_beef":14,"minecraft:pumpkin":1,"minecraft:wheat_seeds":6,"minecraft:cooked_mutton":6,"minecraft:water_bucket":3,"minecraft:mangrove_planks":2,"minecraft:stone_pickaxe":359,"minecraft:oak_planks":116,"minecraft:wooden_pickaxe":18,"minecraft:crafting_table":6,"minecraft:white_bed":9,"iceandfire:armor_copper_metal_chestplate":2,"minecraft:cornflower":2,"minecraft:apple":1,"minecraft:oxeye_daisy":2,"minecraft:sunflower":14,"born_in_chaos_v1:monster_flesh":1,"minecraft:bread":2,"minecraft:stone_button":6,"minecraft:iron_pickaxe":66,"minecraft:iron_door":3,"minecraft:gravel":35,"minecraft:stone_axe":166,"minecraft:cobblestone":168,"minecraft:cooked_porkchop":2,"minecraft:bucket":5,"minecraft:oak_boat":3,"minecraft:dandelion":19,"minecraft:bone_meal":9},"minecraft:killed":{"fight_or_die:springer":6,"undead_revamp2:theswarmer":1,"minecraft:skeleton":1,"minecraft:pig":1,"spore:inf_player":3,"spore:inf_drowned":1,"spore:inf_pillager":7,"minecraft:sheep":2,"spore:inf_villager":1,"spore:inf_human":4,"born_in_chaos_v1:corpse_fly":2,"minecraft:enderman":1,"minecraft:cow":5},"minecraft:custom":{"minecraft:mob_kills":35,"minecraft:interact_with_crafting_table":34,"minecraft:damage_dealt_resisted":52,"minecraft:leave_game":1,"minecraft:time_since_death":18866,"minecraft:sprint_one_cm":233949,"minecraft:walk_one_cm":529822,"minecraft:damage_blocked_by_shield":783,"minecraft:drop":84,"minecraft:play_time":119607,"minecraft:deaths":7,"minecraft:sneak_time":4143,"minecraft:walk_under_water_one_cm":18462,"minecraft:boat_one_cm":4500,"minecraft:jump":1527,"minecraft:walk_on_water_one_cm":11465,"minecraft:total_world_time":119607,"minecraft:interact_with_furnace":65,"minecraft:sleep_in_bed":7,"minecraft:time_since_rest":9497,"minecraft:damage_taken":3408,"minecraft:damage_dealt":5620,"minecraft:player_kills":1,"minecraft:swim_one_cm":63778,"minecraft:fly_one_cm":265979,"minecraft:open_chest":113,"minecraft:crouch_one_cm":18767,"minecraft:fall_one_cm":29564},"minecraft:killed_by":{"endofherobrine:cow":1,"minecraft:player":1,"spore:volatile":1,"sanitydim:rotting_stalker":1,"cave_dweller:cave_dweller":1},"minecraft:crafted":{"minecraft:oak_door":3,"minecraft:oak_planks":60,"minecraft:stone_shovel":2,"minecraft:furnace":2,"minecraft:stone_button":9,"iceandfire:armor_copper_metal_leggings":1,"minecraft:stone":15,"minecraft:bone_meal":9,"minecraft:oak_trapdoor":6,"minecraft:cooked_mutton":4,"iceandfire:armor_copper_metal_boots":1,"iceandfire:armor_copper_metal_helmet":1,"minecraft:flint_and_steel":1,"minecraft:glass":35,"iceandfire:armor_copper_metal_chestplate":2,"minecraft:stone_pickaxe":3,"minecraft:chest":2,"minecraft:iron_door":3,"minecraft:cooked_beef":7,"minecraft:cooked_porkchop":2,"minecraft:crafting_table":1,"minecraft:dried_kelp":51,"minecraft:wooden_pickaxe":1,"minecraft:iron_sword":1,"minecraft:copper_ingot":11,"minecraft:mangrove_planks":4,"minecraft:bucket":1,"minecraft:stone_axe":2,"minecraft:bread":1,"minecraft:air":0,"minecraft:oak_boat":2,"minecraft:white_wool":2,"minecraft:shield":2,"minecraft:stick":4,"minecraft:iron_ingot":17,"minecraft:iron_pickaxe":2,"minecraft:white_bed":1,"minecraft:torch":4},"minecraft:mined":{"undead_revamp2:arapholia":1,"minecraft:white_bed":5,"minecraft:oak_door":7,"minecraft:granite":24,"minecraft:grass_block":10,"born_in_chaos_v1:black_argillite":2,"minecraft:oxeye_daisy":2,"minecraft:furnace":5,"minecraft:iron_ore":31,"minecraft:fire":19,"minecraft:andesite":13,"minecraft:pumpkin":2,"treechop:chopped_log":13,"minecraft:azure_bluet":1,"minecraft:mossy_stone_brick_stairs":1,"minecraft:stone":240,"minecraft:kelp_plant":8,"minecraft:lily_of_the_valley":1,"minecraft:dandelion":23,"minecraft:crafting_table":6,"minecraft:cornflower":2,"minecraft:torch":5,"minecraft:poppy":2,"minecraft:chest":1,"minecraft:glass":2,"minecraft:copper_ore":9,"minecraft:cobblestone":28,"minecraft:tall_grass":2,"minecraft:oak_planks":62,"minecraft:sugar_cane":8,"minecraft:diorite":5,"minecraft:wall_torch":3,"minecraft:seagrass":1,"minecraft:wheat":3,"minecraft:mangrove_planks":1,"minecraft:grass":33,"minecraft:coal_ore":57,"minecraft:sunflower":11,"minecraft:gravel":36,"minecraft:sand":2,"minecraft:dirt":46,"minecraft:gold_ore":4,"spore:remains":1},"minecraft:picked_up":{"minecraft:seagrass":3,"spore:mutated_heart":5,"minecraft:crafting_table":11,"minecraft:wheat":10,"minecraft:azure_bluet":1,"born_in_chaos_v1:seedof_chaos":3,"minecraft:golden_pickaxe":1,"iceandfire:armor_copper_metal_chestplate":5,"minecraft:shield":3,"born_in_chaos_v1:black_argillite":2,"minecraft:cornflower":5,"minecraft:string":14,"minecraft:raw_copper":30,"minecraft:flint_and_steel":2,"born_in_chaos_v1:intoxicating_decoction":1,"minecraft:cracked_stone_bricks":1,"minecraft:gold_nugget":3,"minecraft:bucket":2,"minecraft:beef":14,"minecraft:oak_boat":5,"minecraft:iron_nugget":2,"minecraft:poppy":2,"minecraft:iron_pickaxe":1,"minecraft:chest":3,"minecraft:sugar_cane":21,"minecraft:birch_sapling":1,"minecraft:mangrove_log":1,"minecraft:furnace":5,"minecraft:egg":1,"minecraft:stick":52,"minecraft:raw_iron":47,"minecraft:oak_door":16,"iceandfire:armor_copper_metal_leggings":2,"minecraft:copper_ingot":64,"minecraft:torch":59,"minecraft:fire_charge":2,"minecraft:porkchop":2,"minecraft:dried_kelp":22,"minecraft:golden_axe":2,"minecraft:diorite":5,"iceandfire:armor_copper_metal_boots":3,"born_in_chaos_v1:pieceofdarkmetal":15,"minecraft:stone_shovel":1,"minecraft:arrow":6,"minecraft:stone_sword":7,"minecraft:rotten_flesh":125,"minecraft:golden_hoe":2,"born_in_chaos_v1:spiny_shell":4,"minecraft:mutton":4,"undead_revamp2:arapholia":1,"minecraft:white_wool":2,"minecraft:cobblestone":794,"minecraft:oxeye_daisy":2,"born_in_chaos_v1:fused_bone":2,"born_in_chaos_v1:corpse_maggot":27,"minecraft:magma_block":3,"minecraft:feather":10,"minecraft:cooked_beef":9,"born_in_chaos_v1:monster_flesh":13,"minecraft:water_bucket":5,"minecraft:andesite":81,"minecraft:leather":21,"minecraft:flint":4,"minecraft:oak_log":91,"minecraft:gunpowder":6,"iceandfire:armor_copper_metal_helmet":3,"minecraft:dirt":90,"born_in_chaos_v1:monster_skin":2,"minecraft:cooked_mutton":2,"minecraft:bone":23,"undead_revamp2:blacpetalblock":1,"minecraft:apple":6,"minecraft:stone_bricks":2,"minecraft:kelp":84,"minecraft:bow":1,"minecraft:raw_gold":4,"minecraft:wheat_seeds":18,"minecraft:iron_ingot":4,"minecraft:stone_pickaxe":7,"minecraft:cooked_chicken":8,"spore:mutated_fiber":52,"minecraft:mossy_stone_brick_stairs":4,"minecraft:mangrove_planks":1,"minecraft:iron_sword":4,"minecraft:oak_planks":249,"spore:cerebrum":5,"minecraft:pumpkin":17,"minecraft:stone_brick_slab":2,"born_in_chaos_v1:ethereal_spirit":1,"minecraft:dandelion":27,"minecraft:gravel":35,"minecraft:sand":56,"minecraft:white_bed":8,"minecraft:mossy_stone_brick_slab":4,"undead_revamp2:heavytooth":1,"undead_revamp2:rawbostrox":3,"minecraft:slime_ball":3,"minecraft:stone_axe":6,"minecraft:crossbow":1,"minecraft:granite":24,"minecraft:bread":1,"spore:spine_fragment":8,"minecraft:oak_sapling":90,"born_in_chaos_v1:rotten_fish":4,"minecraft:black_wool":1,"minecraft:coal":168,"iceandfire:raw_silver":4,"minecraft:sunflower":71,"minecraft:wooden_axe":3},"minecraft:broken":{"minecraft:stone_pickaxe":2}},"DataVersion":3465}