{"stats":{"minecraft:dropped":{"iceandfire:raw_silver":1,"minecraft:oak_log":12,"minecraft:crafting_table":1,"iceandfire:armor_copper_metal_chestplate":1,"minecraft:cobblestone":92,"minecraft:leather":2,"fight_or_die:springer_fragment":1,"iceandfire:armor_copper_metal_boots":1,"minecraft:sunflower":7,"minecraft:dandelion":2,"minecraft:bone":3,"minecraft:oak_door":2,"minecraft:kelp":16,"minecraft:stone_sword":1,"minecraft:rotten_flesh":7,"spore:mutated_fiber":8,"iceandfire:armor_copper_metal_helmet":1,"minecraft:andesite":23},"minecraft:used":{"minecraft:stone_sword":38,"minecraft:iron_bars":2,"iceandfire:silver_sword":2,"minecraft:stone_shovel":109,"minecraft:dried_kelp":43,"minecraft:chest":3,"minecraft:rotten_flesh":2,"minecraft:mossy_stone_brick_slab":2,"minecraft:torch":33,"minecraft:dirt":190,"minecraft:stone_brick_slab":2,"minecraft:oak_sapling":12,"minecraft:furnace":1,"minecraft:cooked_beef":1,"minecraft:wheat_seeds":26,"minecraft:oak_planks":332,"minecraft:stone_pickaxe":202,"minecraft:mangrove_planks":4,"minecraft:wooden_pickaxe":8,"minecraft:cracked_stone_bricks":1,"minecraft:golden_hoe":25,"minecraft:crafting_table":3,"minecraft:apple":4,"minecraft:sunflower":13,"minecraft:iron_pickaxe":8,"minecraft:stone_axe":104,"sons_of_sins:flesh_of_demise":1,"minecraft:dandelion":4},"minecraft:killed":{"fight_or_die:springer":2,"spore:inf_human":2,"minecraft:cow":1},"minecraft:custom":{"minecraft:mob_kills":7,"minecraft:interact_with_crafting_table":29,"minecraft:damage_dealt_resisted":273,"minecraft:leave_game":1,"minecraft:time_since_death":25563,"minecraft:sprint_one_cm":259249,"minecraft:walk_one_cm":188551,"minecraft:drop":34,"minecraft:damage_dealt_absorbed":37,"minecraft:play_time":112094,"minecraft:deaths":6,"minecraft:sneak_time":6949,"minecraft:walk_under_water_one_cm":4095,"minecraft:jump":1386,"minecraft:walk_on_water_one_cm":8026,"minecraft:total_world_time":112094,"minecraft:interact_with_furnace":70,"minecraft:sleep_in_bed":3,"minecraft:time_since_rest":2708,"minecraft:damage_taken":1812,"minecraft:damage_dealt":1045,"minecraft:swim_one_cm":90291,"minecraft:fly_one_cm":286356,"minecraft:open_chest":39,"minecraft:crouch_one_cm":33892,"minecraft:fall_one_cm":26753},"minecraft:killed_by":{"spore:volatile":1,"spore:inf_human":1,"spore:inf_player":1,"sanitydim:sneaking_terror":1,"spore:braiomil":1},"minecraft:mined":{"spore:wall_growths_big":1,"minecraft:white_bed":3,"minecraft:oak_sapling":3,"spore:wall_growths":1,"iceandfire:silver_ore":4,"minecraft:grass_block":145,"minecraft:kelp":27,"minecraft:oxeye_daisy":1,"spore:growths_small":1,"fight_or_die:blood_splash1":1,"spore:blomfung":1,"minecraft:iron_ore":7,"minecraft:andesite":34,"minecraft:pumpkin":5,"treechop:chopped_log":10,"spore:growth_mycelium":1,"minecraft:stone":106,"minecraft:kelp_plant":149,"minecraft:dandelion":9,"minecraft:crafting_table":2,"minecraft:torch":2,"minecraft:tall_grass":86,"minecraft:copper_ore":17,"minecraft:oak_planks":20,"minecraft:diorite":3,"minecraft:wall_torch":3,"spore:fungal_stem_sapling":2,"minecraft:wheat":3,"fight_or_die:blood_splash2":3,"minecraft:orange_tulip":1,"minecraft:grass":264,"minecraft:oak_log":1,"minecraft:coal_ore":45,"minecraft:sunflower":21,"minecraft:dirt":39},"minecraft:crafted":{"minecraft:oak_planks":320,"minecraft:furnace":1,"iceandfire:armor_copper_metal_leggings":1,"iceandfire:armor_copper_metal_boots":1,"iceandfire:armor_copper_metal_helmet":1,"minecraft:stone_pickaxe":1,"minecraft:chest":3,"minecraft:cooked_beef":2,"iceandfire:silver_ingot":4,"minecraft:crafting_table":2,"minecraft:dried_kelp":65,"minecraft:wooden_pickaxe":1,"minecraft:iron_sword":1,"minecraft:copper_ingot":15,"minecraft:mangrove_planks":4,"minecraft:stone_axe":1,"minecraft:bread":1,"minecraft:air":0,"minecraft:shield":1,"minecraft:stick":20,"minecraft:iron_ingot":7,"minecraft:iron_pickaxe":1,"minecraft:stone_sword":1,"minecraft:acacia_planks":4,"minecraft:torch":44,"iceandfire:silver_sword":1},"minecraft:picked_up":{"minecraft:crafting_table":2,"minecraft:wheat":4,"iceandfire:armor_copper_metal_chestplate":3,"born_in_chaos_v1:black_argillite":2,"minecraft:string":6,"minecraft:raw_copper":76,"minecraft:wooden_sword":1,"minecraft:flint_and_steel":1,"born_in_chaos_v1:intoxicating_decoction":1,"minecraft:cracked_stone_bricks":1,"minecraft:beef":3,"minecraft:iron_nugget":2,"minecraft:iron_pickaxe":2,"minecraft:sugar_cane":21,"minecraft:mangrove_log":1,"fight_or_die:ripping_flesh":1,"minecraft:stick":33,"minecraft:raw_iron":7,"minecraft:oak_door":2,"minecraft:torch":42,"minecraft:acacia_log":1,"minecraft:dried_kelp":22,"minecraft:diorite":22,"iceandfire:armor_copper_metal_boots":1,"born_in_chaos_v1:pieceofdarkmetal":1,"minecraft:stone_sword":3,"minecraft:arrow":2,"minecraft:rotten_flesh":21,"minecraft:iron_bars":2,"minecraft:cobblestone":307,"minecraft:oxeye_daisy":1,"born_in_chaos_v1:corpse_maggot":16,"fight_or_die:springer_fragment":1,"minecraft:andesite":40,"minecraft:leather":2,"minecraft:oak_log":87,"iceandfire:armor_copper_metal_helmet":2,"minecraft:dirt":228,"minecraft:bone":24,"minecraft:apple":7,"minecraft:kelp":261,"minecraft:orange_tulip":1,"minecraft:wheat_seeds":76,"minecraft:iron_ingot":1,"minecraft:stone_pickaxe":3,"spore:mutated_fiber":47,"minecraft:oak_planks":117,"spore:cerebrum":1,"minecraft:pumpkin":4,"minecraft:stone_brick_slab":2,"born_in_chaos_v1:bone_heart":1,"minecraft:dandelion":7,"minecraft:gravel":4,"minecraft:mossy_stone_brick_slab":4,"sons_of_sins:flesh_of_demise":3,"spore:claw_fragment":6,"minecraft:stone_axe":1,"minecraft:oak_sapling":46,"born_in_chaos_v1:rotten_fish":3,"minecraft:coal":45,"iceandfire:raw_silver":5,"minecraft:sunflower":39},"minecraft:broken":{"minecraft:stone_pickaxe":1,"minecraft:stone_shovel":1}},"DataVersion":3465}