{"stats":{"minecraft:picked_up":{"minecraft:stick":4,"minecraft:rotten_flesh":2,"minecraft:sand":4},"minecraft:mined":{"gravestone:gravestone":3,"minecraft:dead_bush":5,"minecraft:sand":5},"minecraft:killed_by":{"minecraft:husk":1,"minecraft:skeleton":2},"minecraft:used":{"minecraft:rotten_flesh":2,"minecraft:sand":4},"minecraft:custom":{"minecraft:time_since_rest":3284,"minecraft:crouch_one_cm":33,"minecraft:walk_one_cm":33738,"minecraft:sprint_one_cm":37114,"minecraft:play_time":16828,"minecraft:damage_taken":1020,"minecraft:deaths":4,"minecraft:sneak_time":88,"minecraft:walk_under_water_one_cm":328,"minecraft:mob_kills":1,"minecraft:jump":102,"minecraft:damage_dealt":46,"minecraft:leave_game":2,"minecraft:walk_on_water_one_cm":234,"minecraft:time_since_death":3072,"minecraft:total_world_time":16828,"minecraft:fall_one_cm":1916,"minecraft:fly_one_cm":5889,"minecraft:open_chest":3}},"DataVersion":3465}