{"stats":{"minecraft:picked_up":{"minecraft:stick":6,"minecraft:light_blue_wool":8,"minecraft:rotten_flesh":2,"minecraft:sand":4,"minecraft:sugar_cane":2,"minecraft:white_wool":4},"minecraft:mined":{"gravestone:gravestone":4,"minecraft:dead_bush":6,"minecraft:light_blue_wool":8,"minecraft:sand":5,"minecraft:sugar_cane":1,"minecraft:white_wool":4},"minecraft:killed_by":{"minecraft:husk":1,"minecraft:skeleton":2,"minecraft:pillager":1},"minecraft:used":{"minecraft:sand":4,"minecraft:flint_and_steel":14,"minecraft:golden_axe":4,"minecraft:rotten_flesh":2},"minecraft:custom":{"minecraft:time_since_rest":5991,"minecraft:open_chest":4,"minecraft:crouch_one_cm":33,"minecraft:damage_taken":1405,"minecraft:sprint_one_cm":95576,"minecraft:play_time":24563,"minecraft:deaths":5,"minecraft:walk_one_cm":60012,"minecraft:sneak_time":88,"minecraft:walk_under_water_one_cm":4893,"minecraft:mob_kills":1,"minecraft:jump":185,"minecraft:damage_dealt":245,"minecraft:leave_game":3,"minecraft:walk_on_water_one_cm":7770,"minecraft:time_since_death":5924,"minecraft:total_world_time":24563,"minecraft:fall_one_cm":2452,"minecraft:fly_one_cm":13086}},"DataVersion":3465}