{"stats":{"minecraft:killed":{"minecraft:pig":2},"minecraft:picked_up":{"minecraft:crafting_table":1,"minecraft:stick":6,"minecraft:wheat":5,"minecraft:acacia_log":7,"minecraft:porkchop":4,"minecraft:sand":4,"minecraft:rotten_flesh":2,"minecraft:light_blue_wool":8,"minecraft:wheat_seeds":15,"minecraft:sugar_cane":2,"minecraft:white_wool":4},"minecraft:crafted":{"minecraft:wooden_sword":1,"minecraft:crafting_table":1,"minecraft:wooden_axe":1,"minecraft:acacia_planks":20},"minecraft:mined":{"minecraft:light_blue_wool":8,"minecraft:wheat":5,"minecraft:crafting_table":1,"gravestone:gravestone":4,"minecraft:grass":1,"minecraft:acacia_log":7,"minecraft:dead_bush":6,"minecraft:sand":5,"minecraft:sugar_cane":1,"minecraft:white_wool":4},"minecraft:killed_by":{"minecraft:husk":1,"minecraft:skeleton":2,"minecraft:pillager":1},"minecraft:used":{"minecraft:wooden_axe":1,"minecraft:flint_and_steel":14,"minecraft:bread":3,"minecraft:rotten_flesh":2,"minecraft:sand":4,"minecraft:crafting_table":1,"minecraft:golden_axe":4},"minecraft:custom":{"minecraft:time_since_rest":7963,"minecraft:sprint_one_cm":136027,"minecraft:damage_taken":1425,"minecraft:walk_one_cm":87935,"minecraft:mob_kills":3,"minecraft:damage_dealt":446,"minecraft:interact_with_crafting_table":1,"minecraft:fly_one_cm":18106,"minecraft:open_chest":4,"minecraft:crouch_one_cm":33,"minecraft:play_time":36563,"minecraft:deaths":5,"minecraft:sneak_time":88,"minecraft:walk_under_water_one_cm":4893,"minecraft:jump":251,"minecraft:interact_with_blast_furnace":1,"minecraft:leave_game":3,"minecraft:time_since_death":17924,"minecraft:walk_on_water_one_cm":15051,"minecraft:total_world_time":36563,"minecraft:sleep_in_bed":1,"minecraft:climb_one_cm":1442,"minecraft:interact_with_smoker":1,"minecraft:fall_one_cm":3274}},"DataVersion":3465}