{"stats":{"minecraft:killed":{"minecraft:pig":2,"minecraft:rabbit":1},"minecraft:picked_up":{"minecraft:crafting_table":4,"minecraft:stick":19,"minecraft:wheat":5,"minecraft:acacia_log":37,"minecraft:porkchop":4,"minecraft:sand":26,"minecraft:oak_log":11,"minecraft:light_blue_bed":1,"minecraft:dirt":5,"minecraft:apple":1,"minecraft:rotten_flesh":2,"minecraft:light_blue_wool":11,"minecraft:wheat_seeds":15,"minecraft:spruce_slab":1,"minecraft:rabbit":1,"minecraft:oak_sapling":3,"minecraft:sugar_cane":2,"minecraft:acacia_sapling":15,"minecraft:white_wool":7,"minecraft:cobblestone":9},"minecraft:crafted":{"minecraft:wooden_sword":1,"minecraft:oak_planks":44,"minecraft:wooden_shovel":1,"minecraft:crafting_table":1,"minecraft:wooden_pickaxe":1,"minecraft:light_blue_bed":1,"minecraft:wooden_axe":1,"minecraft:acacia_planks":20,"minecraft:acacia_boat":1},"minecraft:mined":{"minecraft:light_blue_bed":1,"minecraft:light_blue_wool":11,"minecraft:wheat":5,"minecraft:crafting_table":4,"gravestone:gravestone":4,"minecraft:grass":4,"minecraft:grass_block":3,"minecraft:acacia_log":38,"minecraft:oak_log":11,"minecraft:dead_bush":6,"minecraft:dirt":2,"minecraft:sand":34,"minecraft:stone":9,"minecraft:sugar_cane":1,"minecraft:spruce_slab":1,"minecraft:white_wool":7,"minecraft:oak_leaves":3},"minecraft:killed_by":{"minecraft:husk":1,"minecraft:skeleton":2,"minecraft:pillager":1},"minecraft:used":{"minecraft:acacia_boat":1,"minecraft:wooden_axe":57,"minecraft:apple":1,"minecraft:acacia_log":3,"minecraft:flint_and_steel":14,"minecraft:bread":3,"minecraft:wooden_pickaxe":10,"minecraft:light_blue_bed":1,"minecraft:wooden_shovel":20,"minecraft:rotten_flesh":2,"minecraft:white_wool":3,"minecraft:sand":4,"minecraft:crafting_table":5,"minecraft:light_blue_wool":3,"minecraft:golden_axe":4},"minecraft:custom":{"minecraft:time_since_rest":3485,"minecraft:sprint_one_cm":157906,"minecraft:damage_taken":1445,"minecraft:walk_one_cm":109858,"minecraft:mob_kills":4,"minecraft:damage_dealt":476,"minecraft:interact_with_crafting_table":11,"minecraft:fly_one_cm":21638,"minecraft:open_chest":5,"minecraft:crouch_one_cm":33,"minecraft:play_time":48563,"minecraft:deaths":5,"minecraft:sneak_time":88,"minecraft:walk_under_water_one_cm":5151,"minecraft:boat_one_cm":100935,"minecraft:jump":307,"minecraft:interact_with_blast_furnace":1,"minecraft:leave_game":3,"minecraft:time_since_death":29924,"minecraft:walk_on_water_one_cm":15407,"minecraft:total_world_time":48563,"minecraft:sleep_in_bed":2,"minecraft:climb_one_cm":1442,"minecraft:interact_with_smoker":1,"minecraft:fall_one_cm":4174}},"DataVersion":3465}