{"stats":{"minecraft:picked_up":{"minecraft:stick":2,"minecraft:rotten_flesh":2},"minecraft:mined":{"minecraft:dead_bush":4},"minecraft:custom":{"minecraft:jump":32,"minecraft:time_since_rest":6009,"minecraft:damage_dealt":37,"minecraft:leave_game":1,"minecraft:sprint_one_cm":5383,"minecraft:play_time":6009,"minecraft:damage_taken":40,"minecraft:time_since_death":6009,"minecraft:walk_one_cm":7440,"minecraft:total_world_time":6009,"minecraft:mob_kills":1,"minecraft:fall_one_cm":836,"minecraft:fly_one_cm":1622}},"DataVersion":3465}