{"stats":{"minecraft:killed":{"fight_or_die:springer":2,"minecraft:skeleton":2,"fight_or_die:shiller":1,"minecraft:chicken":4,"minecraft:pig":2,"undead_revamp2:theheavy":1,"born_in_chaos_v1:decrepit_skeleton":2,"spore:inf_pillager":1,"spore:inf_villager":1,"spore:inf_human":2,"endofherobrine:pigman":1,"minecraft:cow":3},"minecraft:picked_up":{"minecraft:wooden_axe":4,"spore:mutated_heart":2,"minecraft:crafting_table":5,"minecraft:wheat":40,"minecraft:chicken":7,"born_in_chaos_v1:seedof_chaos":4,"iceandfire:armor_copper_metal_chestplate":10,"minecraft:wooden_pickaxe":1,"minecraft:oak_stairs":28,"minecraft:cornflower":2,"minecraft:string":24,"minecraft:raw_copper":78,"born_in_chaos_v1:bone_handle":1,"minecraft:wooden_sword":5,"minecraft:flint_and_steel":7,"minecraft:cracked_stone_bricks":3,"minecraft:cobbled_deepslate":16,"minecraft:gold_nugget":12,"minecraft:beef":19,"minecraft:white_tulip":3,"minecraft:wooden_shovel":1,"minecraft:iron_nugget":2,"minecraft:iron_pickaxe":2,"minecraft:furnace":1,"minecraft:egg":2,"minecraft:stick":25,"spore:tumor":16,"minecraft:oak_door":15,"minecraft:copper_ingot":12,"minecraft:torch":75,"minecraft:porkchop":1,"minecraft:dried_kelp":22,"minecraft:diorite":110,"iceandfire:armor_copper_metal_boots":8,"born_in_chaos_v1:pieceofdarkmetal":20,"minecraft:stone_sword":14,"minecraft:arrow":22,"minecraft:rotten_flesh":115,"minecraft:golden_hoe":3,"undead_revamp2:bostroxsword":1,"minecraft:iron_bars":6,"undead_revamp2:arapholia":10,"minecraft:cobblestone":540,"minecraft:oxeye_daisy":1,"born_in_chaos_v1:fused_bone":19,"born_in_chaos_v1:corpse_maggot":23,"minecraft:magma_block":18,"minecraft:cooked_beef":4,"minecraft:feather":11,"fight_or_die:springer_fragment":5,"born_in_chaos_v1:monster_flesh":9,"minecraft:water_bucket":1,"minecraft:andesite":98,"minecraft:leather":9,"minecraft:flint":4,"minecraft:oak_log":275,"minecraft:gunpowder":4,"iceandfire:armor_copper_metal_helmet":15,"minecraft:lapis_lazuli":25,"minecraft:dirt":101,"born_in_chaos_v1:marigolds":7,"minecraft:cooked_mutton":2,"minecraft:glass":37,"minecraft:bone":51,"minecraft:stone_bricks":4,"minecraft:apple":1,"minecraft:kelp":34,"minecraft:bow":1,"minecraft:wheat_seeds":52,"minecraft:orange_tulip":5,"minecraft:oak_fence_gate":8,"minecraft:stone_pickaxe":19,"spore:mutated_fiber":159,"minecraft:mangrove_planks":3,"minecraft:iron_sword":4,"minecraft:oak_planks":269,"minecraft:mossy_stone_brick_stairs":29,"minecraft:oak_slab":9,"minecraft:cooked_porkchop":1,"minecraft:pumpkin":13,"minecraft:stone_brick_slab":6,"born_in_chaos_v1:ethereal_spirit":3,"born_in_chaos_v1:bone_heart":2,"minecraft:dandelion":24,"minecraft:gravel":5,"minecraft:sand":5,"born_in_chaos_v1:dark_rod":3,"minecraft:white_bed":1,"minecraft:mossy_stone_brick_slab":12,"undead_revamp2:rawbostrox":2,"spore:claw_fragment":5,"minecraft:slime_ball":10,"minecraft:stone_axe":1,"minecraft:granite":12,"minecraft:bread":2,"minecraft:oak_sapling":44,"spore:spine_fragment":3,"born_in_chaos_v1:rotten_fish":5,"minecraft:coal":12,"iceandfire:raw_silver":8,"minecraft:sunflower":83},"minecraft:killed_by":{"minecraft:player":1,"spore:volatile":1,"spore:inf_human":2,"born_in_chaos_v1:zombie_bruiser":1,"born_in_chaos_v1:baby_skeleton":1,"sanitydim:rotting_stalker":2,"spore:inf_player":3,"fight_or_die:springer":1,"undead_revamp2:therod":1,"spore:inf_villager":2,"minecraft:zombie":1,"spore:inf_witch":1,"born_in_chaos_v1:dread_hound":1},"minecraft:used":{"minecraft:stone_sword":71,"minecraft:flint_and_steel":12,"minecraft:chest":3,"minecraft:iron_sword":63,"minecraft:oak_door":2,"iceandfire:armor_copper_metal_boots":3,"minecraft:dirt":2,"born_in_chaos_v1:corpse_maggot":3,"minecraft:wooden_axe":1,"minecraft:magma_block":3,"minecraft:bow":1,"minecraft:oak_sapling":4,"minecraft:furnace":1,"iceandfire:armor_copper_metal_helmet":2,"minecraft:egg":1,"minecraft:cooked_beef":8,"minecraft:cobbled_deepslate":1,"minecraft:pumpkin":9,"minecraft:golden_axe":23,"minecraft:wheat_seeds":9,"minecraft:cooked_mutton":2,"undead_revamp2:bostroxsword":26,"minecraft:stone_pickaxe":163,"minecraft:mangrove_planks":2,"minecraft:oak_planks":12,"minecraft:mossy_stone_brick_stairs":5,"minecraft:sand":3,"minecraft:golden_hoe":5,"minecraft:crafting_table":1,"minecraft:white_bed":1,"minecraft:campfire":1,"spore:tumor":2,"minecraft:sunflower":6,"minecraft:bread":2,"minecraft:iron_pickaxe":43,"minecraft:cobblestone":2,"born_in_chaos_v1:rotten_fish":1,"minecraft:dandelion":7,"minecraft:golden_pickaxe":23},"minecraft:crafted":{"minecraft:oak_door":3,"minecraft:oak_planks":144,"minecraft:furnace":1,"iceandfire:armor_copper_metal_helmet":2,"iceandfire:armor_copper_metal_boots":1,"undead_revamp2:bostroxsword":1,"born_in_chaos_v1:bone_handle":1,"minecraft:stone_pickaxe":2,"iceandfire:armor_copper_metal_chestplate":1,"minecraft:chest":3,"minecraft:cooked_beef":5,"minecraft:crafting_table":1,"minecraft:iron_sword":1,"minecraft:copper_ingot":49,"minecraft:campfire":1,"born_in_chaos_v1:bone_heart":2,"minecraft:bread":3,"minecraft:air":0,"minecraft:iron_chestplate":1,"minecraft:stick":36,"minecraft:iron_ingot":19,"minecraft:iron_pickaxe":1,"minecraft:stone_sword":1,"undead_revamp2:bostroxingot":2},"minecraft:custom":{"minecraft:mob_kills":31,"minecraft:interact_with_crafting_table":31,"minecraft:damage_dealt_resisted":646,"minecraft:leave_game":2,"minecraft:time_since_death":7283,"minecraft:damage_resisted":27,"minecraft:sprint_one_cm":563166,"minecraft:walk_one_cm":482615,"minecraft:drop":52,"minecraft:talked_to_villager":2,"minecraft:play_time":152176,"minecraft:sneak_time":3141,"minecraft:deaths":23,"minecraft:walk_under_water_one_cm":6057,"minecraft:jump":2081,"minecraft:walk_on_water_one_cm":18713,"minecraft:total_world_time":152176,"minecraft:interact_with_furnace":20,"minecraft:sleep_in_bed":1,"minecraft:time_since_rest":7317,"minecraft:damage_taken":6888,"minecraft:damage_dealt":5679,"minecraft:swim_one_cm":78367,"minecraft:fly_one_cm":411262,"minecraft:player_kills":1,"minecraft:open_chest":73,"minecraft:crouch_one_cm":6413,"minecraft:fall_one_cm":48771},"minecraft:mined":{"minecraft:white_bed":1,"iceandfire:silver_ore":2,"minecraft:mossy_stone_brick_slab":4,"minecraft:granite":6,"minecraft:grass_block":11,"minecraft:kelp":2,"minecraft:magma_block":6,"minecraft:furnace":1,"minecraft:fire":8,"minecraft:andesite":11,"treechop:chopped_log":2,"minecraft:deepslate_lapis_ore":1,"minecraft:mossy_stone_brick_stairs":9,"minecraft:iron_bars":2,"minecraft:white_tulip":1,"minecraft:stone":80,"born_in_chaos_v1:marigolds":7,"minecraft:kelp_plant":4,"minecraft:stone_brick_slab":2,"minecraft:dandelion":1,"minecraft:crafting_table":1,"minecraft:deepslate_coal_ore":3,"minecraft:tall_grass":11,"minecraft:copper_ore":16,"minecraft:cobblestone":1,"minecraft:oak_planks":8,"minecraft:wall_torch":1,"minecraft:diorite":17,"minecraft:deepslate_copper_ore":8,"minecraft:wheat":9,"minecraft:mangrove_planks":1,"minecraft:grass":22,"minecraft:gravel":1,"minecraft:sunflower":18,"minecraft:sand":3,"minecraft:dirt":16,"minecraft:cracked_stone_bricks":1,"minecraft:stone_bricks":2,"minecraft:mossy_stone_bricks":1,"minecraft:deepslate":16},"minecraft:dropped":{"minecraft:water_bucket":1,"minecraft:bread":3,"minecraft:iron_sword":1,"minecraft:wheat_seeds":4,"minecraft:cooked_beef":1,"minecraft:cobblestone":65,"minecraft:cracked_stone_bricks":1,"minecraft:dirt":19,"minecraft:torch":39,"minecraft:dried_kelp":22,"minecraft:wooden_sword":3,"minecraft:golden_hoe":1,"minecraft:sunflower":1,"minecraft:iron_pickaxe":2,"minecraft:stone_brick_slab":2,"minecraft:gravel":4,"minecraft:stone_axe":1,"minecraft:kelp":16,"minecraft:stone_sword":4,"minecraft:wheat":2,"born_in_chaos_v1:ethereal_spirit":1,"born_in_chaos_v1:rotten_fish":5,"minecraft:oak_planks":39,"minecraft:mossy_stone_brick_slab":4,"iceandfire:armor_copper_metal_helmet":1,"minecraft:flint_and_steel":1,"born_in_chaos_v1:corpse_maggot":10,"minecraft:iron_bars":2,"minecraft:wooden_pickaxe":1,"minecraft:stone_pickaxe":1,"born_in_chaos_v1:bone_heart":2}},"DataVersion":3465}