{"stats":{"minecraft:picked_up":{"minecraft:stick":14,"minecraft:cactus":8},"minecraft:mined":{"minecraft:cactus":6,"minecraft:dead_bush":12,"minecraft:sand":1},"minecraft:custom":{"minecraft:jump":23,"minecraft:time_since_rest":4906,"minecraft:crouch_one_cm":279,"minecraft:sprint_one_cm":16965,"minecraft:leave_game":1,"minecraft:play_time":4906,"minecraft:time_since_death":4906,"minecraft:walk_one_cm":10453,"minecraft:sneak_time":49,"minecraft:total_world_time":4906,"minecraft:fall_one_cm":627,"minecraft:fly_one_cm":3963}},"DataVersion":3465}