{"stats":{"minecraft:picked_up":{"minecraft:stick":43,"minecraft:crafting_table":1,"minecraft:red_concrete_powder":1,"minecraft:jungle_fence":3,"minecraft:dandelion":2,"minecraft:sand":2,"minecraft:oak_log":8,"minecraft:dirt":22,"minecraft:orange_terracotta":3,"minecraft:cactus":10,"minecraft:red_sand":4,"minecraft:poppy":4,"minecraft:oak_sapling":7,"minecraft:red_concrete":5,"minecraft:sugar_cane":6},"minecraft:crafted":{"minecraft:oak_planks":32,"minecraft:crafting_table":1,"minecraft:wooden_pickaxe":1,"minecraft:wooden_axe":1},"minecraft:mined":{"minecraft:cactus":7,"minecraft:red_concrete_powder":1,"minecraft:orange_terracotta":3,"minecraft:jungle_fence":3,"minecraft:dandelion":2,"minecraft:crafting_table":1,"gravestone:gravestone":3,"minecraft:red_sand":4,"minecraft:oak_log":8,"minecraft:poppy":4,"minecraft:dead_bush":35,"minecraft:sand":1,"minecraft:dirt":2,"minecraft:red_concrete":5,"minecraft:sugar_cane":2,"minecraft:oak_leaves":3},"minecraft:killed_by":{"minecraft:spider":2,"minecraft:pillager":1},"minecraft:used":{"minecraft:wooden_axe":15,"minecraft:wooden_pickaxe":12,"minecraft:dirt":20,"minecraft:crafting_table":2},"minecraft:custom":{"minecraft:time_since_rest":353,"minecraft:sprint_one_cm":66183,"minecraft:damage_taken":802,"minecraft:walk_one_cm":27863,"minecraft:damage_dealt":122,"minecraft:swim_one_cm":472,"minecraft:interact_with_crafting_table":2,"minecraft:fly_one_cm":63725,"minecraft:crouch_one_cm":367,"minecraft:play_time":15908,"minecraft:deaths":3,"minecraft:sneak_time":214,"minecraft:walk_under_water_one_cm":268,"minecraft:jump":243,"minecraft:leave_game":2,"minecraft:walk_on_water_one_cm":1320,"minecraft:time_since_death":321,"minecraft:total_world_time":15908,"minecraft:fall_one_cm":7697}},"DataVersion":3465}