{"stats":{"minecraft:dropped":{"minecraft:stone_pressure_plate":1,"minecraft:red_sand":1},"minecraft:picked_up":{"minecraft:book":42,"minecraft:stick":73,"minecraft:crafting_table":1,"minecraft:sandstone":15,"minecraft:red_concrete_powder":1,"minecraft:cut_sandstone":7,"minecraft:jungle_fence":3,"minecraft:dandelion":2,"minecraft:stripped_acacia_wood":1,"minecraft:sand":16,"minecraft:oak_log":8,"minecraft:cyan_bed":1,"minecraft:dirt":22,"minecraft:stone_pressure_plate":1,"minecraft:tnt":9,"minecraft:orange_terracotta":4,"minecraft:cactus":13,"minecraft:red_sand":5,"minecraft:hay_block":12,"minecraft:poppy":4,"minecraft:brick_stairs":1,"minecraft:oak_sapling":7,"minecraft:red_concrete":5,"minecraft:sugar_cane":19,"minecraft:oak_planks":1},"minecraft:crafted":{"minecraft:oak_planks":32,"minecraft:crafting_table":1,"minecraft:wooden_pickaxe":1,"minecraft:wooden_axe":1},"minecraft:mined":{"minecraft:hay_block":12,"minecraft:cactus":8,"minecraft:cut_sandstone":7,"minecraft:red_concrete_powder":1,"minecraft:orange_terracotta":4,"minecraft:jungle_fence":3,"minecraft:potted_cactus":1,"minecraft:dandelion":2,"minecraft:tnt":9,"minecraft:smooth_sandstone":1,"minecraft:crafting_table":1,"gravestone:gravestone":5,"minecraft:red_sand":4,"minecraft:bookshelf":14,"minecraft:oak_log":8,"minecraft:poppy":4,"minecraft:brick_stairs":1,"minecraft:dead_bush":77,"minecraft:sand":15,"minecraft:dirt":2,"minecraft:stone":4,"minecraft:cyan_bed":1,"minecraft:oak_planks":1,"minecraft:stripped_acacia_wood":1,"minecraft:red_concrete":5,"minecraft:sugar_cane":8,"minecraft:sandstone":15,"minecraft:oak_leaves":3,"minecraft:spawner":1},"minecraft:killed_by":{"minecraft:skeleton":1,"minecraft:spider":2,"minecraft:pillager":1},"minecraft:used":{"minecraft:wooden_axe":42,"minecraft:bread":3,"minecraft:oak_planks":6,"minecraft:wooden_pickaxe":65,"minecraft:sandstone":9,"minecraft:dirt":22,"minecraft:crafting_table":2},"minecraft:custom":{"minecraft:time_since_rest":20852,"minecraft:damage_taken":1152,"minecraft:sprint_one_cm":128414,"minecraft:walk_one_cm":112282,"minecraft:drop":2,"minecraft:damage_dealt":132,"minecraft:swim_one_cm":2580,"minecraft:interact_with_crafting_table":2,"minecraft:fly_one_cm":143673,"minecraft:open_barrel":1,"minecraft:open_chest":9,"minecraft:crouch_one_cm":552,"minecraft:play_time":37502,"minecraft:deaths":4,"minecraft:sneak_time":239,"minecraft:walk_under_water_one_cm":4812,"minecraft:jump":572,"minecraft:leave_game":6,"minecraft:time_since_death":20813,"minecraft:walk_on_water_one_cm":4659,"minecraft:total_world_time":37502,"minecraft:fall_one_cm":17079}},"DataVersion":3465}