{"stats":{"minecraft:dropped":{"minecraft:water_bucket":1,"minecraft:iron_sword":1,"minecraft:wheat_seeds":4,"minecraft:cooked_beef":1,"minecraft:cobblestone":65,"minecraft:cracked_stone_bricks":1,"minecraft:dirt":19,"minecraft:torch":39,"minecraft:dried_kelp":22,"minecraft:wooden_sword":3,"minecraft:golden_hoe":1,"minecraft:sunflower":1,"minecraft:iron_pickaxe":1,"minecraft:stone_brick_slab":2,"minecraft:gravel":4,"minecraft:stone_axe":1,"minecraft:kelp":16,"minecraft:stone_sword":4,"minecraft:wheat":2,"born_in_chaos_v1:ethereal_spirit":1,"born_in_chaos_v1:rotten_fish":5,"minecraft:oak_planks":39,"minecraft:mossy_stone_brick_slab":4,"iceandfire:armor_copper_metal_helmet":1,"minecraft:flint_and_steel":1,"born_in_chaos_v1:corpse_maggot":10,"minecraft:iron_bars":2,"minecraft:stone_pickaxe":1,"minecraft:wooden_pickaxe":1,"born_in_chaos_v1:bone_heart":1},"minecraft:used":{"minecraft:stone_sword":70,"minecraft:flint_and_steel":12,"minecraft:chest":3,"minecraft:iron_sword":50,"minecraft:oak_door":2,"iceandfire:armor_copper_metal_boots":3,"minecraft:dirt":2,"born_in_chaos_v1:corpse_maggot":3,"minecraft:wooden_axe":1,"minecraft:magma_block":3,"minecraft:bow":1,"minecraft:oak_sapling":4,"minecraft:furnace":1,"iceandfire:armor_copper_metal_helmet":2,"minecraft:egg":1,"minecraft:cooked_beef":8,"minecraft:pumpkin":9,"minecraft:golden_axe":23,"minecraft:cooked_mutton":2,"undead_revamp2:bostroxsword":9,"minecraft:stone_pickaxe":161,"minecraft:mangrove_planks":2,"minecraft:oak_planks":12,"minecraft:mossy_stone_brick_stairs":5,"minecraft:golden_hoe":4,"minecraft:sand":3,"minecraft:crafting_table":1,"minecraft:campfire":1,"minecraft:white_bed":1,"minecraft:sunflower":6,"minecraft:bread":2,"minecraft:cobblestone":1,"born_in_chaos_v1:rotten_fish":1,"minecraft:dandelion":7,"minecraft:golden_pickaxe":23},"minecraft:killed":{"fight_or_die:springer":1,"minecraft:skeleton":2,"fight_or_die:shiller":1,"minecraft:chicken":1,"minecraft:pig":2,"undead_revamp2:theheavy":1,"born_in_chaos_v1:decrepit_skeleton":2,"spore:inf_pillager":1,"spore:inf_villager":1,"spore:inf_human":2,"endofherobrine:pigman":1,"minecraft:cow":3},"minecraft:custom":{"minecraft:mob_kills":27,"minecraft:interact_with_crafting_table":27,"minecraft:damage_dealt_resisted":646,"minecraft:leave_game":1,"minecraft:time_since_death":10891,"minecraft:damage_resisted":27,"minecraft:sprint_one_cm":488365,"minecraft:walk_one_cm":359595,"minecraft:drop":47,"minecraft:play_time":122068,"minecraft:deaths":20,"minecraft:sneak_time":2758,"minecraft:walk_under_water_one_cm":5968,"minecraft:jump":1836,"minecraft:walk_on_water_one_cm":18542,"minecraft:total_world_time":122068,"minecraft:interact_with_furnace":19,"minecraft:sleep_in_bed":1,"minecraft:time_since_rest":10921,"minecraft:damage_taken":6224,"minecraft:damage_dealt":5321,"minecraft:swim_one_cm":74138,"minecraft:fly_one_cm":396267,"minecraft:player_kills":1,"minecraft:open_chest":58,"minecraft:crouch_one_cm":4384,"minecraft:fall_one_cm":42061},"minecraft:killed_by":{"minecraft:player":1,"spore:volatile":1,"spore:inf_human":2,"born_in_chaos_v1:zombie_bruiser":1,"born_in_chaos_v1:baby_skeleton":1,"sanitydim:rotting_stalker":1,"spore:inf_player":3,"undead_revamp2:therod":1,"spore:inf_villager":2,"spore:inf_witch":1,"born_in_chaos_v1:dread_hound":1},"minecraft:mined":{"minecraft:white_bed":1,"minecraft:mossy_stone_brick_slab":4,"minecraft:granite":6,"minecraft:grass_block":10,"minecraft:kelp":2,"minecraft:magma_block":6,"minecraft:furnace":1,"minecraft:fire":8,"minecraft:andesite":11,"treechop:chopped_log":2,"minecraft:mossy_stone_brick_stairs":9,"minecraft:iron_bars":2,"minecraft:stone":66,"minecraft:kelp_plant":4,"minecraft:stone_brick_slab":2,"minecraft:dandelion":1,"minecraft:crafting_table":1,"minecraft:cobblestone":1,"minecraft:copper_ore":16,"minecraft:tall_grass":11,"minecraft:oak_planks":8,"minecraft:diorite":17,"minecraft:mangrove_planks":1,"minecraft:grass":21,"minecraft:sunflower":18,"minecraft:dirt":16,"minecraft:sand":3,"minecraft:cracked_stone_bricks":1,"minecraft:stone_bricks":2,"minecraft:mossy_stone_bricks":1},"minecraft:crafted":{"minecraft:oak_door":3,"minecraft:oak_planks":144,"minecraft:furnace":1,"iceandfire:armor_copper_metal_boots":1,"iceandfire:armor_copper_metal_helmet":2,"undead_revamp2:bostroxsword":1,"born_in_chaos_v1:bone_handle":1,"minecraft:stone_pickaxe":2,"iceandfire:armor_copper_metal_chestplate":1,"minecraft:chest":3,"minecraft:cooked_beef":5,"minecraft:crafting_table":1,"minecraft:iron_sword":1,"minecraft:copper_ingot":49,"minecraft:campfire":1,"born_in_chaos_v1:bone_heart":2,"minecraft:air":0,"minecraft:stick":36,"minecraft:iron_ingot":9,"minecraft:stone_sword":1,"undead_revamp2:bostroxingot":2},"minecraft:picked_up":{"minecraft:wooden_axe":3,"spore:mutated_heart":2,"minecraft:crafting_table":5,"minecraft:wheat":30,"minecraft:chicken":3,"born_in_chaos_v1:seedof_chaos":4,"minecraft:wooden_pickaxe":1,"iceandfire:armor_copper_metal_chestplate":9,"minecraft:cornflower":2,"minecraft:string":23,"minecraft:raw_copper":49,"minecraft:wooden_sword":5,"born_in_chaos_v1:bone_handle":1,"minecraft:flint_and_steel":6,"minecraft:cracked_stone_bricks":3,"minecraft:gold_nugget":12,"minecraft:beef":17,"minecraft:iron_nugget":2,"minecraft:iron_pickaxe":1,"minecraft:egg":2,"minecraft:furnace":1,"minecraft:stick":20,"spore:tumor":15,"minecraft:oak_door":15,"minecraft:copper_ingot":9,"minecraft:torch":50,"minecraft:porkchop":1,"minecraft:dried_kelp":22,"minecraft:diorite":110,"iceandfire:armor_copper_metal_boots":8,"born_in_chaos_v1:pieceofdarkmetal":20,"minecraft:stone_sword":13,"minecraft:arrow":21,"minecraft:rotten_flesh":100,"minecraft:golden_hoe":2,"minecraft:iron_bars":6,"undead_revamp2:arapholia":8,"minecraft:cobblestone":507,"minecraft:oxeye_daisy":1,"born_in_chaos_v1:fused_bone":17,"born_in_chaos_v1:corpse_maggot":23,"minecraft:magma_block":15,"minecraft:feather":6,"fight_or_die:springer_fragment":5,"minecraft:cooked_beef":4,"born_in_chaos_v1:monster_flesh":9,"minecraft:water_bucket":1,"minecraft:andesite":98,"minecraft:leather":9,"minecraft:flint":3,"minecraft:oak_log":216,"iceandfire:armor_copper_metal_helmet":13,"minecraft:gunpowder":4,"minecraft:dirt":99,"minecraft:cooked_mutton":2,"minecraft:bone":50,"minecraft:apple":1,"minecraft:stone_bricks":4,"minecraft:kelp":34,"minecraft:bow":1,"minecraft:wheat_seeds":33,"minecraft:orange_tulip":2,"minecraft:stone_pickaxe":17,"spore:mutated_fiber":159,"minecraft:mangrove_planks":2,"minecraft:iron_sword":3,"minecraft:oak_planks":268,"minecraft:mossy_stone_brick_stairs":25,"minecraft:cooked_porkchop":1,"minecraft:pumpkin":13,"minecraft:stone_brick_slab":6,"born_in_chaos_v1:bone_heart":1,"born_in_chaos_v1:ethereal_spirit":3,"minecraft:dandelion":23,"minecraft:gravel":4,"minecraft:sand":5,"born_in_chaos_v1:dark_rod":3,"minecraft:white_bed":1,"minecraft:mossy_stone_brick_slab":12,"undead_revamp2:rawbostrox":2,"spore:claw_fragment":4,"minecraft:slime_ball":8,"minecraft:stone_axe":1,"minecraft:granite":12,"minecraft:bread":2,"minecraft:oak_sapling":44,"spore:spine_fragment":3,"born_in_chaos_v1:rotten_fish":5,"minecraft:coal":10,"iceandfire:raw_silver":6,"minecraft:sunflower":81}},"DataVersion":3465}