{"stats":{"minecraft:crafted":{"minecraft:furnace":3,"minecraft:cooked_mutton":1,"minecraft:iron_boots":1,"minecraft:iron_axe":1,"minecraft:stone_pickaxe":2,"minecraft:chest":2,"minecraft:acacia_fence":3,"minecraft:cooked_beef":11,"iceandfire:silver_ingot":14,"minecraft:cooked_porkchop":10,"minecraft:wooden_pickaxe":4,"minecraft:iron_helmet":1,"minecraft:campfire":1,"minecraft:stone_axe":1,"minecraft:air":0,"iceandfire:armor_silver_metal_helmet":1,"minecraft:iron_chestplate":2,"minecraft:shield":2,"minecraft:stick":44,"minecraft:iron_ingot":35,"minecraft:iron_pickaxe":3,"minecraft:wooden_axe":1,"minecraft:stone_sword":2,"minecraft:acacia_planks":124,"minecraft:torch":28,"iceandfire:silver_sword":3},"minecraft:dropped":{"minecraft:bread":2,"minecraft:iron_ingot":1,"minecraft:crafting_table":1,"minecraft:cooked_porkchop":4,"minecraft:cobblestone":67,"born_in_chaos_v1:monster_flesh":1,"minecraft:diorite":4,"minecraft:torch":27,"iceandfire:silver_sword":1,"minecraft:wooden_axe":1,"iceandfire:armor_silver_metal_helmet":1,"minecraft:stone_sword":4,"spore:mutated_fiber":1,"minecraft:shield":1,"minecraft:iron_chestplate":1,"iceandfire:silver_ingot":1,"minecraft:stone_pickaxe":1},"minecraft:picked_up":{"minecraft:charcoal":3,"minecraft:crafting_table":3,"born_in_chaos_v1:diamond_termite_shard":2,"spore:mutated_heart":3,"minecraft:wheat":53,"born_in_chaos_v1:smoked_monster_flesh":2,"born_in_chaos_v1:river_mint":1,"born_in_chaos_v1:seedof_chaos":1,"iceandfire:fire_lily":3,"minecraft:wooden_pickaxe":14,"minecraft:golden_shovel":1,"minecraft:chain":1,"minecraft:shield":12,"born_in_chaos_v1:black_argillite":7,"minecraft:string":45,"minecraft:acacia_door":5,"minecraft:raw_copper":63,"minecraft:iron_axe":1,"born_in_chaos_v1:intoxicating_decoction":1,"minecraft:bucket":3,"minecraft:beef":4,"born_in_chaos_v1:gnawed_bones":1,"minecraft:poppy":3,"minecraft:iron_pickaxe":6,"minecraft:melon_slice":102,"minecraft:chest":10,"born_in_chaos_v1:soulbane":1,"minecraft:furnace":3,"minecraft:egg":13,"minecraft:stick":31,"minecraft:raw_iron":79,"born_in_chaos_v1:shattered_skull":9,"minecraft:acacia_fence":15,"minecraft:copper_ingot":2,"born_in_chaos_v1:flaming_evil_pumpkin":1,"born_in_chaos_v1:phantom_powder":1,"minecraft:torch":264,"minecraft:acacia_log":75,"minecraft:fire_charge":1,"minecraft:porkchop":7,"minecraft:golden_axe":2,"minecraft:cherry_log":16,"iceandfire:rotten_egg":4,"minecraft:diorite":33,"sons_of_sins:ether_ashes":8,"sons_of_sins:cursed_head":1,"born_in_chaos_v1:charmof_fury":1,"minecraft:orange_bed":1,"iceandfire:lightning_lily":1,"iceandfire:silver_ingot":12,"minecraft:stone_sword":11,"minecraft:rotten_flesh":107,"minecraft:arrow":9,"minecraft:honey_bottle":4,"born_in_chaos_v1:magical_holiday_candy":21,"born_in_chaos_v1:lord_pumpkinheads_lamp":1,"born_in_chaos_v1:sea_terror_eye":2,"minecraft:glow_berries":1,"minecraft:mutton":14,"minecraft:white_wool":2,"minecraft:cobblestone":507,"born_in_chaos_v1:corpse_maggot":31,"minecraft:magma_block":51,"minecraft:cooked_beef":10,"born_in_chaos_v1:monster_flesh":25,"minecraft:glow_ink_sac":9,"minecraft:andesite":24,"minecraft:leather":13,"minecraft:acacia_wood":12,"minecraft:flint":5,"minecraft:oak_log":4,"minecraft:yellow_glazed_terracotta":2,"undead_revamp2:huntereye":1,"minecraft:lapis_lazuli":112,"minecraft:dirt":37,"born_in_chaos_v1:pumpkin_pistol":1,"born_in_chaos_v1:monster_skin":19,"minecraft:bone":68,"minecraft:acacia_planks":374,"minecraft:stone_bricks":4,"minecraft:wheat_seeds":302,"minecraft:stone_pickaxe":12,"minecraft:iron_ingot":30,"spore:mutated_fiber":40,"minecraft:tall_grass":4,"minecraft:glass_bottle":4,"minecraft:iron_sword":6,"minecraft:oak_planks":16,"minecraft:acacia_sapling":27,"minecraft:cooked_porkchop":19,"born_in_chaos_v1:orbofthe_summoner":1,"born_in_chaos_v1:ethereal_spirit":3,"minecraft:gravel":32,"minecraft:lava_bucket":10,"born_in_chaos_v1:dark_rod":1,"minecraft:acacia_stairs":11,"born_in_chaos_v1:fire_dust":4,"minecraft:stone_axe":7,"iceandfire:silver_sword":8,"minecraft:granite":24,"minecraft:grass":1,"minecraft:gray_wool":7,"minecraft:bread":41,"born_in_chaos_v1:rotten_fish":9,"minecraft:netherrack":183,"minecraft:brown_banner":2,"minecraft:melon_seeds":4,"born_in_chaos_v1:sea_terror_stomach":1,"minecraft:coal":285,"iceandfire:raw_silver":26,"undead_revamp2:bostroxingot":1},"minecraft:killed":{"born_in_chaos_v1:lords_felsteed":1,"born_in_chaos_v1:mr_pumpkin":1,"born_in_chaos_v1:missioner":1,"undead_revamp2:thehunter":1,"undead_revamp2:theimmortal":1,"born_in_chaos_v1:supreme_bonescaller_not_despawn":1,"undead_revamp2:thegliter":1,"born_in_chaos_v1:zombie_lumberjack":1,"born_in_chaos_v1:sir_the_headless":1,"born_in_chaos_v1:sir_pumpkinhead_without_horse":1,"minecraft:spider":2,"undead_revamp2:thesmoker":2,"born_in_chaos_v1:lord_pumpkinhead_head":1,"born_in_chaos_v1:lord_the_headless":1,"born_in_chaos_v1:zombie_bruiser":1,"undead_revamp2:theswarmer":2,"born_in_chaos_v1:baby_skeleton_minion":1,"born_in_chaos_v1:maggot":1,"minecraft:skeleton":2,"born_in_chaos_v1:pumpkinhead":1,"minecraft:horse":3,"undead_revamp2:deadclogger":1,"minecraft:chicken":1,"undead_revamp2:therod":1,"undead_revamp2:thebidy":1,"sons_of_sins:curse":1,"born_in_chaos_v1:lord_pumpkinhead":1,"undead_revamp2:thehorrors":1,"born_in_chaos_v1:supreme_bonescaller_stage_2":1,"undead_revamp2:sucker":1,"born_in_chaos_v1:sir_pumpkinhead":1,"minecraft:pig":4,"born_in_chaos_v1:bone_imp_minion":5,"born_in_chaos_v1:diamond_termite":2,"born_in_chaos_v1:swarmer":1,"born_in_chaos_v1:glutton_fish":1,"spore:inf_drowned":1,"undead_revamp2:thebeartamer":1,"minecraft:creeper":1,"born_in_chaos_v1:decrepit_skeleton":1,"minecraft:sheep":1,"spore:inf_villager":1,"undead_revamp2:thesomnolence":1,"undead_revamp2:slaveman":1,"born_in_chaos_v1:zombie_fisherman":1,"spore:inf_human":2,"minecraft:zombie":2,"born_in_chaos_v1:lord_pumpkinhead_withouta_horse":1,"born_in_chaos_v1:corpse_fly":3,"born_in_chaos_v1:dark_vortex":1,"spore:inf_witch":1,"undead_revamp2:theskeeper":1,"minecraft:villager":1,"minecraft:cow":1,"undead_revamp2:thewolf":1},"minecraft:used":{"undead_revamp2:theheavy_spawn_egg":1,"minecraft:stone_sword":50,"iceandfire:silver_sword":76,"minecraft:flint_and_steel":4,"minecraft:poppy":2,"minecraft:chest":7,"minecraft:shield":80,"minecraft:iron_sword":2,"minecraft:rotten_flesh":1,"minecraft:netherrack":9,"minecraft:orange_bed":1,"minecraft:torch":77,"minecraft:dirt":18,"iceandfire:armor_silver_metal_helmet":1,"minecraft:honey_bottle":2,"born_in_chaos_v1:supreme_measure":46,"minecraft:lava_bucket":11,"minecraft:iron_axe":18,"minecraft:melon_seeds":4,"minecraft:magma_block":6,"minecraft:furnace":2,"minecraft:egg":3,"minecraft:cooked_beef":11,"minecraft:acacia_planks":44,"minecraft:cooked_mutton":1,"minecraft:water_bucket":12,"minecraft:stone_pickaxe":71,"minecraft:wooden_pickaxe":7,"minecraft:crafting_table":2,"minecraft:campfire":1,"minecraft:acacia_stairs":1,"minecraft:acacia_door":5,"minecraft:bread":12,"minecraft:melon_slice":38,"minecraft:iron_pickaxe":816,"born_in_chaos_v1:smoked_monster_flesh":2,"minecraft:stone_axe":91,"minecraft:cobblestone":113,"minecraft:cooked_porkchop":6,"minecraft:bucket":13,"iceandfire:fire_lily":2},"minecraft:broken":{"minecraft:shield":1,"minecraft:iron_pickaxe":2},"minecraft:mined":{"iceandfire:lightning_lily":1,"iceandfire:silver_ore":19,"born_in_chaos_v1:infected_diamond_ore":2,"minecraft:granite":23,"minecraft:acacia_log":31,"minecraft:grass_block":17,"born_in_chaos_v1:black_argillite":7,"minecraft:magma_block":17,"minecraft:furnace":1,"minecraft:iron_ore":64,"minecraft:fire":16,"minecraft:acacia_wood":2,"minecraft:acacia_stairs":1,"minecraft:andesite":12,"minecraft:gold_block":1,"minecraft:dirt_path":7,"minecraft:stone":492,"minecraft:orange_bed":1,"minecraft:acacia_leaves":4,"minecraft:melon_stem":3,"minecraft:crafting_table":2,"minecraft:torch":1,"minecraft:poppy":1,"minecraft:melon":9,"minecraft:chest":4,"iceandfire:fire_lily":3,"minecraft:tall_grass":7,"minecraft:copper_ore":12,"minecraft:cobblestone":9,"minecraft:lapis_ore":9,"minecraft:wall_torch":2,"minecraft:diorite":30,"minecraft:wheat":19,"minecraft:yellow_glazed_terracotta":2,"minecraft:grass":56,"minecraft:oak_log":4,"minecraft:coal_ore":80,"minecraft:gravel":33,"minecraft:acacia_door":5,"minecraft:dirt":4,"minecraft:acacia_planks":18,"minecraft:netherrack":49,"minecraft:oak_leaves":5},"minecraft:custom":{"minecraft:mob_kills":82,"minecraft:interact_with_crafting_table":32,"minecraft:interact_with_campfire":2,"minecraft:damage_dealt_resisted":43240,"minecraft:leave_game":5,"minecraft:time_since_death":68677,"minecraft:sprint_one_cm":571289,"minecraft:walk_one_cm":549036,"minecraft:damage_blocked_by_shield":4470,"minecraft:drop":26,"minecraft:talked_to_villager":1,"minecraft:play_time":205256,"minecraft:sneak_time":7957,"minecraft:deaths":19,"minecraft:walk_under_water_one_cm":3990,"minecraft:jump":2694,"minecraft:walk_on_water_one_cm":32585,"minecraft:total_world_time":205256,"minecraft:interact_with_furnace":39,"minecraft:sleep_in_bed":7,"minecraft:time_since_rest":65549,"minecraft:damage_taken":7670,"minecraft:damage_dealt":40026,"minecraft:swim_one_cm":47691,"minecraft:fly_one_cm":813610,"minecraft:open_chest":81,"minecraft:crouch_one_cm":16742,"minecraft:fall_one_cm":72986},"minecraft:killed_by":{"born_in_chaos_v1:bone_imp_minion":8,"spore:inf_player":1,"born_in_chaos_v1:supreme_bonescaller_stage_2":5,"spore:inf_witch":1,"iceandfire:cockatrice":2,"born_in_chaos_v1:dread_hound":1}},"DataVersion":3465}