{"stats":{"minecraft:dropped":{"minecraft:stone_pressure_plate":1,"minecraft:red_sand":1},"minecraft:picked_up":{"minecraft:book":42,"minecraft:stick":62,"minecraft:crafting_table":1,"minecraft:sandstone":9,"minecraft:red_concrete_powder":1,"minecraft:cut_sandstone":7,"minecraft:jungle_fence":3,"minecraft:dandelion":2,"minecraft:stripped_acacia_wood":1,"minecraft:sand":10,"minecraft:oak_log":8,"minecraft:stone_pressure_plate":1,"minecraft:dirt":22,"minecraft:tnt":9,"minecraft:orange_terracotta":4,"minecraft:cactus":10,"minecraft:red_sand":5,"minecraft:poppy":4,"minecraft:brick_stairs":1,"minecraft:oak_sapling":7,"minecraft:red_concrete":5,"minecraft:sugar_cane":15},"minecraft:crafted":{"minecraft:oak_planks":32,"minecraft:crafting_table":1,"minecraft:wooden_pickaxe":1,"minecraft:wooden_axe":1},"minecraft:mined":{"minecraft:cut_sandstone":7,"minecraft:cactus":7,"minecraft:red_concrete_powder":1,"minecraft:orange_terracotta":4,"minecraft:jungle_fence":3,"minecraft:dandelion":2,"minecraft:tnt":9,"minecraft:crafting_table":1,"gravestone:gravestone":5,"minecraft:red_sand":4,"minecraft:bookshelf":14,"minecraft:oak_log":8,"minecraft:poppy":4,"minecraft:brick_stairs":1,"minecraft:dead_bush":66,"minecraft:sand":9,"minecraft:dirt":2,"minecraft:stripped_acacia_wood":1,"minecraft:red_concrete":5,"minecraft:sandstone":9,"minecraft:sugar_cane":6,"minecraft:oak_leaves":3,"minecraft:spawner":1},"minecraft:killed_by":{"minecraft:skeleton":1,"minecraft:spider":2,"minecraft:pillager":1},"minecraft:used":{"minecraft:wooden_axe":29,"minecraft:wooden_pickaxe":47,"minecraft:sandstone":9,"minecraft:dirt":22,"minecraft:crafting_table":2},"minecraft:custom":{"minecraft:time_since_rest":12512,"minecraft:sprint_one_cm":115051,"minecraft:damage_taken":1152,"minecraft:walk_one_cm":68111,"minecraft:drop":2,"minecraft:damage_dealt":132,"minecraft:swim_one_cm":2580,"minecraft:interact_with_crafting_table":2,"minecraft:fly_one_cm":135092,"minecraft:open_barrel":1,"minecraft:open_chest":7,"minecraft:crouch_one_cm":431,"minecraft:play_time":29162,"minecraft:deaths":4,"minecraft:sneak_time":222,"minecraft:walk_under_water_one_cm":725,"minecraft:jump":509,"minecraft:leave_game":4,"minecraft:time_since_death":12473,"minecraft:walk_on_water_one_cm":1794,"minecraft:total_world_time":29162,"minecraft:fall_one_cm":15407}},"DataVersion":3465}